timestamp,value
00.000,198.6
00.015,220.26
00.031,214.15
00.046,180.72
00.062,127.71
00.078,66.4
00.093,9.51
00.109,-33.13
00.125,-58.28
00.140,-68.37
00.156,-68.88
00.171,-64.62
00.187,-58.28
00.203,-50.47
00.218,-42.34
00.234,-34.84
00.250,-29.07
00.265,-25.91
00.281,-24.85
00.296,-24.11
00.312,-22.09
00.328,-16.9
00.343,-7.6
00.359,4.28
00.375,16.76
00.390,27.96
00.406,34.6
00.421,34.11
00.437,24.39
00.453,5.78
00.468,-18.63
00.484,-42.74
00.500,-60.2
00.515,-65.51
00.531,-56.52
00.546,-36.77
00.562,-12.7
00.578,7.02
00.593,14.73
00.609,6.06
00.625,-19.15
00.640,-57.55
00.656,-101.86
00.671,-143.85
00.687,-175.43
00.703,-189.57
00.718,-182.1
00.734,-152.55
00.750,-105.2
00.765,-46.02
00.781,10.43
00.796,51.92
00.812,71.66
00.828,69.38
00.843,50.42
00.859,22.23
00.875,-8.22
00.890,-36.99
00.906,-62.49
00.921,-84.35
00.937,-101.98
00.953,-114.89
00.968,-123.46
00.984,-128.5
01.000,-131.93
01.015,-133.61
01.031,-132.98
01.046,-129.15
01.062,-120.87
01.078,-106.35
01.093,-84.84
01.109,-56.82
01.125,-24.05
01.140,9.92
01.156,42.0
01.171,69.74
01.187,91.87
01.203,108.08
01.218,119.14
01.234,125.85
01.250,128.75
01.265,128.36
01.281,125.04
01.296,119.45
01.312,112.09
01.328,103.51
01.343,94.33
01.359,85.41
01.375,77.42
01.390,70.88
01.406,65.85
01.421,61.85
01.437,58.69
01.453,56.04
01.468,53.62
01.484,51.06
01.500,49.75
01.515,48.31
01.531,46.08
01.546,42.64
01.562,37.74
01.578,31.33
01.593,23.43
01.609,14.11
01.625,3.53
01.640,-7.93
01.656,-19.97
01.671,-31.92
01.687,-43.24
01.703,-53.29
01.718,-61.42
01.734,-67.43
01.750,-71.56
01.765,-74.25
01.781,-76.07
01.796,-77.64
01.812,-79.06
01.828,-80.42
01.843,-81.39
01.859,-81.24
01.875,-79.88
01.890,-78.03
01.906,-76.64
01.921,-76.19
01.937,-76.84
01.953,-78.06
01.968,-79.23
01.984,-79.39
02.000,-76.74
02.015,-70.7
02.031,-61.91
02.046,-51.86
02.062,-41.19
02.078,-29.15
02.093,-13.46
02.109,4.3
02.125,24.11
02.140,47.89
02.156,75.93
02.171,106.53
02.187,136.72
02.203,164.04
02.218,187.55
02.234,207.42
02.250,224.45
02.265,240.52
02.281,260.57
02.296,287.77
02.312,321.33
02.328,356.44
02.343,386.19
02.359,403.69
02.375,404.27
02.390,386.82
02.406,335.18
02.421,248.83
02.437,142.63
02.453,38.23
02.468,-48.38
02.484,-111.64
02.500,-153.22
02.515,-176.57
02.531,-184.91
02.546,-181.29
02.562,-166.96
02.578,-144.81
02.593,-119.86
02.609,-97.09
02.625,-79.18
02.640,-67.33
02.656,-60.8
02.671,-58.2
02.687,-58.53
02.703,-58.99
02.718,-57.87
02.734,-55.51
02.750,-53.26
02.765,-50.48
02.781,-47.0
02.796,-41.52
02.812,-32.63
02.828,-19.66
02.843,-1.31
02.859,22.45
02.875,49.62
02.890,76.9
02.906,102.75
02.921,124.75
02.937,141.97
02.953,154.15
02.968,161.53
02.984,165.48
03.000,167.52
03.015,168.51
03.031,168.81
03.046,169.45
03.062,169.99
03.078,170.73
03.093,172.03
03.109,173.88
03.125,176.21
03.140,178.37
03.156,178.68
03.171,174.41
03.187,168.41
03.203,160.6
03.218,151.07
03.234,139.84
03.250,127.04
03.265,113.01
03.281,98.25
03.296,83.27
03.312,68.77
03.328,55.66
03.343,43.43
03.359,32.07
03.375,21.58
03.390,12.31
03.406,4.7
03.421,-0.82
03.437,-3.98
03.453,-4.6
03.468,-2.41
03.484,1.7
03.500,6.92
03.515,12.46
03.531,17.62
03.546,22.03
03.562,25.59
03.578,28.12
03.593,29.09
03.609,27.98
03.625,23.54
03.640,14.8
03.656,1.55
03.671,-15.69
03.687,-35.71
03.703,-56.92
03.718,-77.83
03.734,-97.74
03.750,-116.62
03.765,-135.28
03.781,-154.8
03.796,-175.78
03.812,-198.08
03.828,-220.6
03.843,-242.03
03.859,-261.07
03.875,-277.22
03.890,-291.02
03.906,-303.74
03.921,-317.07
03.937,-332.7
03.953,-352.02
03.968,-375.44
03.984,-401.84
04.000,-428.15
04.015,-449.37
04.031,-460.01
04.046,-455.89
04.062,-436.05
04.078,-403.33
04.093,-363.49
04.109,-323.16
04.125,-287.31
04.140,-257.93
04.156,-234.13
04.171,-213.46
04.187,-193.45
04.203,-172.77
04.218,-151.16
04.234,-129.04
04.250,-107.0
04.265,-85.7
04.281,-65.96
04.296,-48.73
04.312,-35.04
04.328,-25.43
04.343,-20.14
04.359,-18.78
04.375,-20.71
04.390,-25.0
04.406,-30.7
04.421,-36.65
04.437,-41.7
04.453,-45.37
04.468,-48.07
04.484,-51.26
04.500,-56.87
04.515,-66.49
04.531,-80.07
04.546,-95.75
04.562,-110.32
04.578,-120.81
04.593,-125.89
04.609,-126.62
04.625,-126.01
04.640,-127.24
04.656,-131.68
04.671,-137.94
04.687,-142.14
04.703,-139.37
04.718,-125.84
04.734,-100.28
04.750,-64.28
04.765,-21.53
04.781,23.23
04.796,65.58
04.812,102.21
04.828,131.16
04.843,151.72
04.859,164.38
04.875,170.26
04.890,170.91
04.906,168.12
04.921,163.63
04.937,159.08
04.953,155.83
04.968,154.72
04.984,155.58
05.000,157.81
05.015,160.21
05.031,161.71
05.046,161.86
05.062,160.55
05.078,158.12
05.093,154.67
05.109,150.04
05.125,143.65
05.140,135.01
05.156,123.88
05.171,110.46
05.187,95.66
05.203,80.53
05.218,66.19
05.234,53.4
05.250,42.12
05.265,31.52
05.281,20.36
05.296,7.38
05.312,-8.07
05.328,-25.35
05.343,-43.03
05.359,-59.0
05.375,-71.41
05.390,-79.71
05.406,-84.6
05.421,-87.62
05.437,-90.08
05.453,-92.79
05.468,-95.33
05.484,-97.31
05.500,-98.34
05.515,-98.39
05.531,-97.86
05.546,-96.75
05.562,-94.45
05.578,-89.9
05.593,-82.46
05.609,-72.17
05.625,-60.38
05.640,-48.81
05.656,-38.58
05.671,-29.81
05.687,-21.46
05.703,-11.95
05.718,-0.05
05.734,14.39
05.750,30.64
05.765,47.27
05.781,62.95
05.796,77.17
05.812,90.38
05.828,103.85
05.843,118.75
05.859,135.14
05.875,151.47
05.890,164.67
05.906,171.1
05.921,168.15
05.937,155.6
05.953,135.73
05.968,112.94
05.984,91.69
06.000,74.75
06.015,62.58
06.031,53.69
06.046,45.65
06.062,36.44
06.078,25.45
06.093,13.16
06.109,1.15
06.125,-8.8
06.140,-15.24
06.156,-17.44
06.171,-15.25
06.187,-9.35
06.203,-0.79
06.218,9.21
06.234,19.28
06.250,28.28
06.265,35.13
06.281,39.25
06.296,40.46
06.312,39.5
06.328,37.51
06.343,35.84
06.359,35.28
06.375,35.62
06.390,35.87
06.406,34.58
06.421,30.73
06.437,23.95
06.453,14.87
06.468,4.57
06.484,-5.58
06.500,-14.17
06.515,-19.93
06.531,-21.77
06.546,-18.87
06.562,-11.14
06.578,0.52
06.593,14.49
06.609,28.38
06.625,39.86
06.640,47.32
06.656,50.32
06.671,49.66
06.687,46.97
06.703,44.0
06.718,41.73
06.734,40.25
06.750,38.8
06.765,36.13
06.781,31.55
06.796,25.06
06.812,17.61
06.828,10.36
06.843,4.1
06.859,-1.13
06.875,-5.96
06.890,-11.16
06.906,-17.17
06.921,-23.46
06.937,-28.83
06.953,-31.64
06.968,-30.35
06.984,-24.34
07.000,-14.32
07.015,-1.89
07.031,10.76
07.046,22.03
07.062,31.62
07.078,40.4
07.093,50.04
07.109,62.05
07.125,77.01
07.140,93.85
07.156,110.9
07.171,126.16
07.187,138.18
07.203,146.25
07.218,149.77
07.234,148.11
07.250,140.88
07.265,128.29
07.281,111.5
07.296,93.16
07.312,76.54
07.328,64.21
07.343,56.39
07.359,50.34
07.375,41.02
07.390,23.63
07.406,-4.36
07.421,-41.94
07.437,-84.77
07.453,-127.63
07.468,-166.27
07.484,-198.86
07.500,-225.67
07.515,-247.75
07.531,-265.45
07.546,-277.95
07.562,-284.17
07.578,-283.58
07.593,-277.29
07.609,-267.6
07.625,-256.77
07.640,-245.92
07.656,-234.55
07.671,-220.84
07.687,-202.44
07.703,-177.79
07.718,-146.45
07.734,-109.69
07.750,-69.97
07.765,-29.46
07.781,10.58
07.796,50.17
07.812,90.29
07.828,131.8
07.843,174.28
07.859,215.9
07.875,253.48
07.890,283.41
07.906,303.15
07.921,311.74
07.937,310.12
07.953,300.62
07.968,286.1
07.984,268.94
08.000,250.7
08.015,231.8
08.031,211.96
08.046,191.22
08.062,170.04
08.078,149.62
08.093,131.3
08.109,116.11
08.125,103.86
08.140,93.44
08.156,83.28
08.171,71.92
08.187,59.04
08.203,45.01
08.218,31.2
08.234,19.07
08.250,9.95
08.265,4.58
08.281,3.41
08.296,6.74
08.312,14.66
08.328,27.26
08.343,43.71
08.359,62.2
08.375,80.04
08.390,94.31
08.406,102.71
08.421,104.48
08.437,100.43
08.453,92.54
08.468,83.19
08.484,74.24
08.500,66.75
08.515,60.86
08.531,55.8
08.546,50.21
08.562,42.53
08.578,31.13
08.593,14.89
08.609,-6.31
08.625,-31.56
08.640,-59.04
08.656,-86.53
08.671,-112.11
08.687,-134.62
08.703,-153.57
08.718,-168.93
08.734,-180.82
08.750,-189.02
08.765,-193.17
08.781,-192.81
08.796,-187.79
08.812,-178.39
08.828,-165.48
08.843,-150.33
08.859,-134.38
08.875,-119.03
08.890,-105.33
08.906,-93.98
08.921,-84.95
08.937,-77.91
08.953,-72.15
08.968,-67.0
08.984,-61.74
09.000,-55.83
09.015,-48.75
09.031,-40.07
09.046,-29.5
09.062,-16.7
09.078,-2.17
09.093,13.25
09.109,28.02
09.125,40.63
09.140,49.56
09.156,53.67
09.171,52.26
09.187,44.92
09.203,32.72
09.218,17.35
09.234,1.31
09.250,-12.7
09.265,-22.66
09.281,-27.78
09.296,-29.02
09.312,-28.77
09.328,-29.64
09.343,-32.4
09.359,-37.05
09.375,-42.73
09.390,-48.24
09.406,-52.99
09.421,-56.92
09.437,-61.62
09.453,-69.81
09.468,-83.35
09.484,-100.13
09.500,-117.19
09.515,-131.12
09.531,-138.78
09.546,-138.46
09.562,-127.8
09.578,-105.77
09.593,-72.82
09.609,-30.35
09.625,22.51
09.640,83.24
09.656,147.03
09.671,209.74
09.687,269.11
09.703,328.6
09.718,391.49
09.734,456.87
09.750,518.21
09.765,568.46
09.781,596.37
09.796,591.1
09.812,547.5
09.828,467.6
09.843,363.44
09.859,249.54
09.875,138.32
09.890,11.43
09.906,-129.23
09.921,-266.7
09.937,-379.26
09.953,-445.3
09.968,-470.23
09.984,-459.98
10.000,-419.43
10.015,-355.61
10.031,-276.29
10.046,-186.92
10.062,-95.98
10.078,-12.95
10.093,54.6
10.109,102.13
10.125,131.39
10.140,145.52
10.156,147.18
10.171,139.72
10.187,130.92
10.203,128.15
10.218,137.66
10.234,163.15
10.250,203.86
10.265,255.99
10.281,310.2
10.296,353.08
10.312,372.6
10.328,364.36
10.343,330.58
10.359,279.4
10.375,221.71
10.390,167.04
10.406,122.13
10.421,88.68
10.437,64.04
10.453,44.43
10.468,28.63
10.484,16.68
10.500,9.23
10.515,6.03
10.531,5.7
10.546,6.46
10.562,6.13
10.578,2.44
10.593,-6.89
10.609,-22.64
10.625,-44.84
10.640,-72.97
10.656,-107.57
10.671,-149.4
10.687,-198.36
10.703,-252.58
10.718,-307.1
10.734,-355.72
10.750,-391.05
10.765,-406.39
10.781,-397.65
10.796,-366.54
10.812,-318.13
10.828,-259.03
10.843,-196.23
10.859,-135.55
10.875,-85.29
10.890,-53.5
10.906,-45.65
10.921,-62.26
10.937,-100.75
10.953,-152.92
10.968,-206.25
10.984,-248.38
11.000,-269.71
11.015,-271.5
11.031,-261.36
11.046,-248.36
11.062,-239.1
11.078,-238.2
11.093,-245.47
11.109,-257.24
11.125,-269.33
11.140,-277.65
11.156,-286.11
11.171,-300.13
11.187,-321.73
11.203,-324.11
11.218,-287.16
11.234,-207.3
11.250,-100.73
11.265,-8.37
11.281,64.46
11.296,119.22
11.312,159.22
11.328,192.76
11.343,223.0
11.359,246.97
11.375,259.7
11.390,256.37
11.406,234.59
11.421,198.23
11.437,150.83
11.453,97.65
11.468,44.36
11.484,-3.94
11.500,-44.58
11.515,-74.11
11.531,-88.42
11.546,-84.29
11.562,-60.71
11.578,-24.97
11.593,12.69
11.609,43.06
11.625,61.03
11.640,65.12
11.656,57.96
11.671,43.38
11.687,25.69
11.703,8.78
11.718,-6.77
11.734,-21.09
11.750,-32.52
11.765,-39.05
11.781,-40.32
11.796,-37.2
11.812,-32.26
11.828,-28.12
11.843,-25.89
11.859,-25.8
11.875,-26.14
11.890,-24.12
11.906,-17.3
11.921,-5.06
11.937,11.41
11.953,29.28
11.968,45.16
11.984,56.96
12.000,64.39
12.015,69.92
12.031,77.84
12.046,93.15
12.062,115.48
12.078,144.05
12.093,176.31
12.109,208.05
12.125,234.5
12.140,251.58
12.156,257.65
12.171,254.4
12.187,247.1
12.203,242.73
12.218,248.02
12.234,264.86
12.250,288.16
12.265,306.79
12.281,307.44
12.296,279.92
12.312,220.64
12.328,134.12
12.343,31.5
12.359,-71.7
12.375,-159.84
12.390,-220.33
12.406,-246.3
12.421,-238.73
12.437,-205.98
12.453,-161.38
12.468,-118.89
12.484,-88.49
12.500,-73.57
12.515,-71.47
12.531,-76.68
12.546,-83.7
12.562,-89.46
12.578,-92.47
12.593,-91.5
12.609,-85.04
12.625,-71.65
12.640,-51.45
12.656,-26.82
12.671,-2.13
12.687,19.15
12.703,34.9
12.718,45.69
12.734,54.0
12.750,62.7
12.765,73.81
12.781,87.98
12.796,105.05
12.812,123.75
12.828,142.93
12.843,160.11
12.859,172.69
12.875,178.77
12.890,178.1
12.906,172.09
12.921,162.15
12.937,148.96
12.953,131.82
12.968,109.99
12.984,82.28
13.000,50.33
13.015,18.28
13.031,-8.82
13.046,-27.82
13.062,-39.49
13.078,-47.08
13.093,-53.73
13.109,-59.25
13.125,-63.53
13.140,-64.49
13.156,-60.11
13.171,-51.71
13.187,-44.21
13.203,-44.74
13.218,-58.74
13.234,-86.59
13.250,-122.9
13.265,-164.22
13.281,-207.77
13.296,-250.95
13.312,-292.58
13.328,-331.52
13.343,-366.5
13.359,-395.81
13.375,-417.77
13.390,-411.7
13.406,-366.67
13.421,-286.48
13.437,-188.59
13.453,-93.44
13.468,-13.01
13.484,50.28
13.500,100.41
13.515,140.4
13.531,177.62
13.546,211.96
13.562,240.18
13.578,259.48
13.593,268.93
13.609,270.1
13.625,264.38
13.640,250.76
13.656,227.48
13.671,195.7
13.687,156.16
13.703,111.49
13.718,65.48
13.734,21.8
13.750,-15.59
13.765,-44.01
13.781,-62.98
13.796,-72.34
13.812,-72.82
13.828,-68.07
13.843,-61.81
13.859,-56.5
13.875,-52.92
13.890,-50.48
13.906,-48.51
13.921,-46.89
13.937,-44.6
13.953,-40.85
13.968,-36.51
13.984,-32.65
14.000,-29.96
14.015,-28.63
14.031,-28.35
14.046,-28.8
14.062,-29.77
14.078,-30.58
14.093,-30.68
14.109,-30.31
14.125,-29.81
14.140,-29.37
14.156,-29.37
14.171,-30.25
14.187,-32.37
14.203,-35.9
14.218,-40.43
14.234,-45.18
14.250,-49.9
14.265,-54.83
14.281,-59.97
14.296,-65.69
14.312,-72.27
14.328,-79.69
14.343,-89.06
14.359,-98.55
14.375,-105.64
14.390,-108.22
14.406,-105.48
14.421,-97.09
14.437,-84.47
14.453,-69.67
14.468,-55.18
14.484,-42.62
14.500,-32.79
14.515,-25.46
14.531,-20.07
14.546,-16.22
14.562,-13.61
14.578,-12.8
14.593,-14.12
14.609,-18.26
14.625,-26.01
14.640,-37.75
14.656,-53.41
14.671,-71.83
14.687,-90.16
14.703,-103.41
14.718,-107.1
14.734,-98.68
14.750,-78.66
14.765,-51.99
14.781,-26.13
14.796,-8.49
14.812,-3.46
14.828,-11.1
14.843,-27.19
14.859,-47.09
14.875,-67.5
14.890,-86.64
14.906,-104.58
14.921,-121.2
14.937,-135.99
14.953,-147.45
14.968,-154.33
14.984,-156.12
15.000,-153.78
15.015,-148.87
15.031,-144.3
15.046,-141.91
15.062,-141.58
15.078,-142.08
15.093,-140.95
15.109,-135.49
15.125,-124.16
15.140,-106.8
15.156,-84.29
15.171,-57.99
15.187,-28.99
15.203,2.54
15.218,37.55
15.234,77.31
15.250,123.0
15.265,174.33
15.281,229.36
15.296,284.93
15.312,337.32
15.328,383.5
15.343,421.95
15.359,452.6
15.375,476.54
15.390,496.13
15.406,513.81
15.421,532.25
15.437,553.98
15.453,580.02
15.468,609.19
15.484,637.24
15.500,656.61
15.515,658.27
15.531,636.18
15.546,589.16
15.562,522.18
15.578,444.42
15.593,365.17
15.609,291.4
15.625,226.43
15.640,169.96
15.656,119.67
15.671,72.63
15.687,26.6
15.703,-19.56
15.718,-66.15
15.734,-113.34
15.750,-160.52
15.765,-205.54
15.781,-246.09
15.796,-279.6
15.812,-304.42
15.828,-319.9
15.843,-325.64
15.859,-321.09
15.875,-306.75
15.890,-283.71
15.906,-252.96
15.921,-217.11
15.937,-180.1
15.953,-146.8
15.968,-123.06
15.984,-113.9
16.000,-122.75
16.015,-152.27
16.031,-203.44
16.046,-273.35
16.062,-351.85
16.078,-421.96
16.093,-466.8
16.109,-478.26
16.125,-460.29
16.140,-425.31
16.156,-386.87
16.171,-359.2
16.187,-342.97
16.203,-333.9
16.218,-325.86
16.234,-314.79
16.250,-299.73
16.265,-281.22
16.281,-260.75
16.296,-235.94
16.312,-204.58
16.328,-163.97
16.343,-113.83
16.359,-54.76
16.375,10.31
16.390,76.79
16.406,140.23
16.421,196.43
16.437,244.64
16.453,285.98
16.468,322.79
16.484,356.25
16.500,388.11
16.515,418.69
16.531,446.29
16.546,468.42
16.562,481.31
16.578,484.14
16.593,477.64
16.609,463.67
16.625,430.65
16.640,371.93
16.656,287.33
16.671,183.44
16.687,82.94
16.703,-7.54
16.718,-86.54
16.734,-153.97
16.750,-211.59
16.765,-258.23
16.781,-289.83
16.796,-303.05
16.812,-296.37
16.828,-270.35
16.843,-228.78
16.859,-175.45
16.875,-114.86
16.890,-52.83
16.906,4.65
16.921,53.99
16.937,93.42
16.953,122.56
16.968,141.65
16.984,149.56
17.000,146.93
17.015,135.96
17.031,119.38
17.046,100.13
17.062,81.61
17.078,66.06
17.093,54.23
17.109,45.66
17.125,38.48
17.140,31.22
17.156,23.44
17.171,15.26
17.187,7.37
17.203,0.85
17.218,-3.64
17.234,-6.04
17.250,-6.95
17.265,-7.7
17.281,-9.01
17.296,-10.88
17.312,-13.03
17.328,-14.83
17.343,-15.69
17.359,-15.47
17.375,-14.41
17.390,-13.1
17.406,-12.26
17.421,-12.08
17.437,-12.14
17.453,-11.88
17.468,-10.59
17.484,-8.01
17.500,-4.67
17.515,-1.22
17.531,1.55
17.546,3.19
17.562,3.92
17.578,4.68
17.593,6.59
17.609,10.79
17.625,17.78
17.640,26.72
17.656,36.29
17.671,45.23
17.687,52.76
17.703,58.86
17.718,65.07
17.734,71.4
17.750,78.25
17.765,85.79
17.781,94.06
17.796,102.59
17.812,109.93
17.828,113.17
17.843,108.45
17.859,92.14
17.875,62.84
17.890,23.12
17.906,-20.92
17.921,-61.56
17.937,-92.28
17.953,-110.14
17.968,-116.29
17.984,-114.27
18.000,-108.26
18.015,-100.91
18.031,-92.83
18.046,-83.67
18.062,-73.31
18.078,-62.54
18.093,-52.8
18.109,-45.33
18.125,-39.97
18.140,-35.74
18.156,-31.17
18.171,-25.16
18.187,-17.84
18.203,-10.1
18.218,-3.41
18.234,0.99
18.250,2.89
18.265,3.31
18.281,3.82
18.296,6.31
18.312,11.75
18.328,19.95
18.343,30.18
18.359,41.22
18.375,51.64
18.390,60.58
18.406,68.31
18.421,74.97
18.437,81.05
18.453,86.04
18.468,88.59
18.484,87.5
18.500,82.12
18.515,71.91
18.531,56.3
18.546,35.84
18.562,10.8
18.578,-13.61
18.593,-34.89
18.609,-52.97
18.625,-68.72
18.640,-83.17
18.656,-96.93
18.671,-110.84
18.687,-125.05
18.703,-138.24
18.718,-147.53
18.734,-150.9
18.750,-148.24
18.765,-141.32
18.781,-133.42
18.796,-129.26
18.812,-133.83
18.828,-149.25
18.843,-171.72
18.859,-191.19
18.875,-196.67
18.890,-180.86
18.906,-143.03
18.921,-89.12
18.937,-31.46
18.953,14.27
18.968,34.83
18.984,23.87
19.000,-16.16
19.015,-77.83
19.031,-152.58
19.046,-232.53
19.062,-310.26
19.078,-360.56
19.093,-361.7
19.109,-309.03
19.125,-218.31
19.140,-112.49
19.156,-8.72
19.171,85.01
19.187,161.24
19.203,224.08
19.218,273.36
19.234,304.48
19.250,314.02
19.265,304.28
19.281,284.84
19.296,267.1
19.312,263.07
19.328,280.32
19.343,319.81
19.359,372.48
19.375,421.03
19.390,447.04
19.406,438.07
19.421,391.8
19.437,314.98
19.453,220.42
19.468,123.2
19.484,38.63
19.500,-21.51
19.515,-50.54
19.531,-46.84
19.546,-13.75
19.562,40.68
19.578,103.82
19.593,160.99
19.609,198.95
19.625,209.86
19.640,192.65
19.656,152.22
19.671,97.24
19.687,36.93
19.703,-20.8
19.718,-71.24
19.734,-112.67
19.750,-145.49
19.765,-171.54
19.781,-194.12
19.796,-217.57
19.812,-246.29
19.828,-282.87
19.843,-325.71
19.859,-368.88
19.875,-403.43
19.890,-420.61
19.906,-414.93
19.921,-387.42
19.937,-345.16
19.953,-299.35
19.968,-261.04
19.984,-236.57
20.000,-226.01
20.015,-224.14
20.031,-223.89
20.046,-219.45
20.062,-208.4
20.078,-191.33
20.093,-170.29
20.109,-147.23
20.125,-122.78
20.140,-96.18
20.156,-65.42
20.171,-27.76
20.187,19.13
20.203,75.99
20.218,140.64
20.234,207.57
20.250,268.98
20.265,317.12
20.281,346.28
20.296,354.43
20.312,342.95
20.328,315.35
20.343,275.7
20.359,227.66
20.375,174.52
20.390,119.57
20.406,66.89
20.421,20.72
20.437,-15.16
20.453,-38.6
20.468,-49.86
20.484,-51.78
20.500,-48.93
20.515,-46.2
20.531,-47.69
20.546,-55.66
20.562,-71.33
20.578,-95.46
20.593,-127.98
20.609,-167.32
20.625,-209.34
20.640,-247.61
20.656,-274.61
20.671,-284.29
20.687,-274.01
20.703,-245.66
20.718,-204.69
20.734,-158.1
20.750,-112.02
20.765,-70.68
20.781,-36.34
20.796,-9.86
20.812,8.74
20.828,20.57
20.843,28.02
20.859,34.79
20.875,45.1
20.890,62.47
20.906,88.74
20.921,123.07
20.937,161.65
20.953,197.52
20.968,222.36
20.984,228.92
21.000,214.0
21.015,180.37
21.031,135.58
21.046,88.74
21.062,45.51
21.078,5.45
21.093,-37.22
21.109,-88.63
21.125,-149.74
21.140,-212.99
21.156,-264.17
21.171,-288.62
21.187,-277.53
21.203,-232.26
21.218,-163.15
21.234,-85.72
21.250,-15.03
21.265,37.22
21.281,64.5
21.296,65.71
21.312,44.69
21.328,10.03
21.343,-26.49
21.359,-52.82
21.375,-60.16
21.390,-45.07
21.406,-10.5
21.421,36.71
21.437,89.61
21.453,143.22
21.468,195.0
21.484,243.91
21.500,288.5
21.515,325.82
21.531,352.33
21.546,364.64
21.562,360.12
21.578,338.22
21.593,300.27
21.609,250.15
21.625,193.73
21.640,138.52
21.656,91.72
21.671,57.94
21.687,37.66
21.703,27.08
21.718,19.91
21.734,9.81
21.750,-6.81
21.765,-30.18
21.781,-57.7
21.796,-86.35
21.812,-114.87
21.828,-145.35
21.843,-181.65
21.859,-226.49
21.875,-278.85
21.890,-332.02
21.906,-375.2
21.921,-397.81
21.937,-394.11
21.953,-365.7
21.968,-321.76
21.984,-275.23
22.000,-237.57
22.015,-216.05
22.031,-212.6
22.046,-224.86
22.062,-248.87
22.078,-280.26
22.093,-314.28
22.109,-345.29
22.125,-367.09
22.140,-374.38
22.156,-365.09
22.171,-341.36
22.187,-308.83
22.203,-274.36
22.218,-243.17
22.234,-217.28
22.250,-195.9
22.265,-177.05
22.281,-158.92
22.296,-140.5
22.312,-120.82
22.328,-98.55
22.343,-72.59
22.359,-42.53
22.375,-9.34
22.390,24.84
22.406,57.49
22.421,87.0
22.437,113.25
22.453,137.6
22.468,162.0
22.484,187.74
22.500,214.97
22.515,242.61
22.531,269.0
22.546,292.18
22.562,310.47
22.578,322.66
22.593,328.38
22.609,328.38
22.625,324.71
22.640,320.59
22.656,319.97
22.671,326.88
22.687,343.98
22.703,370.94
22.718,403.99
22.734,436.43
22.750,460.53
22.765,470.36
22.781,463.53
22.796,441.42
22.812,407.45
22.828,365.42
22.843,317.85
22.859,266.7
22.875,214.19
22.890,163.47
22.906,117.76
22.921,78.4
22.937,43.14
22.953,6.27
22.968,-37.93
22.984,-91.29
23.000,-148.61
23.015,-199.19
23.031,-231.43
23.046,-238.56
23.062,-222.17
23.078,-191.36
23.093,-158.69
23.109,-134.52
23.125,-123.11
23.140,-122.26
23.156,-126.21
23.171,-129.24
23.187,-128.25
23.203,-123.14
23.218,-115.47
23.234,-106.66
23.250,-97.43
23.265,-87.5
23.281,-76.31
23.296,-63.26
23.312,-48.41
23.328,-32.41
23.343,-16.98
23.359,-4.36
23.375,3.52
23.390,6.11
23.406,4.62
23.421,1.5
23.437,-0.47
23.453,0.61
23.468,5.71
23.484,14.76
23.500,27.22
23.515,42.67
23.531,60.43
23.546,79.61
23.562,98.61
23.578,115.27
23.593,127.37
23.609,133.18
23.625,131.98
23.640,124.23
23.656,111.55
23.671,96.1
23.687,80.33
23.703,66.34
23.718,55.41
23.734,47.7
23.750,42.52
23.765,38.68
23.781,35.11
23.796,31.08
23.812,26.03
23.828,19.7
23.843,12.09
23.859,3.45
23.875,-5.48
23.890,-13.47
23.906,-19.17
23.921,-21.59
23.937,-20.35
23.953,-16.01
23.968,-9.7
23.984,-2.43
24.000,4.79
24.015,11.7
24.031,18.0
24.046,23.42
24.062,27.34
24.078,29.06
24.093,28.03
24.109,24.1
24.125,17.79
24.140,9.87
24.156,1.41
24.171,-6.87
24.187,-14.61
24.203,-21.93
24.218,-28.92
24.234,-35.69
24.250,-42.12
24.265,-47.86
24.281,-52.39
24.296,-54.65
24.312,-53.32
24.328,-47.14
24.343,-35.58
24.359,-19.09
24.375,0.82
24.390,21.72
24.406,41.05
24.421,56.4
24.437,66.97
24.453,73.26
24.468,76.39
24.484,77.29
24.500,75.79
24.515,71.27
24.531,62.9
24.546,50.43
24.562,34.05
24.578,15.03
24.593,-4.06
24.609,-20.44
24.625,-31.79
24.640,-36.54
24.656,-33.85
24.671,-23.12
24.687,-4.38
24.703,21.01
24.718,50.85
24.734,84.2
24.750,119.91
24.765,156.33
24.781,191.87
24.796,224.94
24.812,255.81
24.828,284.77
24.843,310.84
24.859,331.35
24.875,346.65
24.890,357.0
24.906,362.32
24.921,362.46
24.937,357.27
24.953,350.85
24.968,347.81
24.984,351.72
25.000,363.28
25.015,384.86
25.031,413.25
25.046,439.26
25.062,450.68
25.078,435.72
25.093,394.71
25.109,337.2
25.125,278.37
25.140,234.21
25.156,222.48
25.171,248.13
25.187,299.97
25.203,357.26
25.218,396.94
25.234,411.14
25.250,403.19
25.265,382.39
25.281,313.71
25.296,187.03
25.312,20.72
25.328,-148.88
25.343,-267.74
25.359,-340.43
25.375,-376.95
25.390,-384.22
25.406,-373.06
25.421,-350.58
25.437,-317.19
25.453,-276.04
25.468,-235.28
25.484,-204.7
25.500,-194.25
25.515,-202.5
25.531,-223.43
25.546,-250.6
25.562,-277.98
25.578,-296.71
25.593,-303.06
25.609,-299.56
25.625,-291.77
25.640,-287.6
25.656,-287.42
25.671,-288.44
25.687,-288.69
25.703,-286.21
25.718,-276.5
25.734,-257.28
25.750,-230.31
25.765,-200.74
25.781,-178.11
25.796,-169.39
25.812,-178.87
25.828,-208.08
25.843,-253.27
25.859,-305.06
25.875,-353.36
25.890,-391.28
25.906,-416.37
25.921,-431.87
25.937,-442.7
25.953,-454.36
25.968,-470.77
25.984,-491.61
26.000,-511.75
26.015,-522.89
26.031,-517.02
26.046,-488.94
26.062,-437.96
26.078,-368.33
26.093,-289.17
26.109,-212.99
26.125,-152.5
26.140,-117.74
26.156,-112.34
26.171,-131.2
26.187,-162.17
26.203,-190.04
26.218,-202.88
26.234,-196.18
26.250,-174.17
26.265,-145.58
26.281,-118.95
26.296,-98.4
26.312,-82.81
26.328,-68.88
26.343,-53.98
26.359,-37.79
26.375,-20.87
26.390,-3.58
26.406,16.44
26.421,42.67
26.437,77.38
26.453,118.71
26.468,159.99
26.484,192.24
26.500,207.1
26.515,200.4
26.531,172.2
26.546,126.66
26.562,70.96
26.578,13.79
26.593,-35.92
26.609,-70.2
26.625,-82.97
26.640,-72.4
26.656,-41.77
26.671,0.37
26.687,42.98
26.703,75.37
26.718,90.63
26.734,87.65
26.750,71.0
26.765,49.33
26.781,32.49
26.796,28.64
26.812,41.58
26.828,70.47
26.843,110.21
26.859,153.83
26.875,195.48
26.890,231.85
26.906,262.59
26.921,288.9
26.937,312.37
26.953,334.77
26.968,357.89
26.984,382.88
27.000,409.48
27.015,435.31
27.031,455.72
27.046,465.0
27.062,458.56
27.078,434.67
27.093,395.15
27.109,344.36
27.125,287.27
27.140,227.3
27.156,165.24
27.171,100.01
27.187,31.31
27.203,-38.61
27.218,-104.39
27.234,-158.7
27.250,-194.85
27.265,-209.36
27.281,-203.36
27.296,-182.3
27.312,-154.42
27.328,-127.82
27.343,-108.27
27.359,-98.83
27.375,-100.35
27.390,-112.25
27.406,-132.74
27.421,-158.58
27.437,-184.88
27.453,-205.58
27.468,-215.0
27.484,-209.68
27.500,-189.88
27.515,-159.73
27.531,-125.62
27.546,-94.43
27.562,-71.0
27.578,-56.95
27.593,-50.79
27.609,-49.03
27.625,-47.79
27.640,-44.66
27.656,-39.42
27.671,-33.49
27.687,-29.06
27.703,-27.59
27.718,-29.6
27.734,-34.65
27.750,-41.79
27.765,-49.13
27.781,-53.77
27.796,-52.05
27.812,-40.86
27.828,-19.81
27.843,7.51
27.859,33.79
27.875,50.73
27.890,52.75
27.906,39.89
27.921,17.88
27.937,-4.54
27.953,-19.46
27.968,-23.1
27.984,-16.33
28.000,-2.97
28.015,12.84
28.031,28.88
28.046,44.98
28.062,62.02
28.078,80.37
28.093,98.95
28.109,115.07
28.125,125.59
28.140,128.24
28.156,122.42
28.171,109.86
28.187,93.57
28.203,76.71
28.218,61.56
28.234,49.25
28.250,39.57
28.265,32.34
28.281,27.73
28.296,26.35
28.312,28.72
28.328,34.52
28.343,42.42
28.359,50.24
28.375,56.12
28.390,58.79
28.406,58.29
28.421,55.76
28.437,52.8
28.453,50.82
28.468,50.22
28.484,50.47
28.500,50.35
28.515,48.83
28.531,45.39
28.546,40.39
28.562,35.1
28.578,30.94
28.593,28.95
28.609,29.43
28.625,32.0
28.640,36.03
28.656,40.94
28.671,46.14
28.687,51.11
28.703,55.65
28.718,59.89
28.734,64.65
28.750,71.44
28.765,82.2
28.781,98.46
28.796,120.73
28.812,147.77
28.828,177.09
28.843,205.95
28.859,231.46
28.875,251.21
28.890,263.52
28.906,268.1
28.921,265.92
28.937,259.25
28.953,250.25
28.968,240.58
28.984,231.17
29.000,220.79
29.015,206.46
29.031,184.62
29.046,153.09
29.062,111.98
29.078,63.38
29.093,9.48
29.109,-47.93
29.125,-106.68
29.140,-165.01
29.156,-221.41
29.171,-274.43
29.187,-322.53
29.203,-361.75
29.218,-384.04
29.234,-384.33
29.250,-365.18
29.265,-334.18
29.281,-299.01
29.296,-264.07
29.312,-230.68
29.328,-198.31
29.343,-166.03
29.359,-133.34
29.375,-101.4
29.390,-72.14
29.406,-46.06
29.421,-22.81
29.437,-1.43
29.453,18.86
29.468,38.83
29.484,57.89
29.500,74.7
29.515,86.99
29.531,92.46
29.546,90.14
29.562,80.14
29.578,63.53
29.593,41.48
29.609,17.04
29.625,-7.2
29.640,-29.42
29.656,-48.95
29.671,-65.58
29.687,-78.9
29.703,-88.48
29.718,-93.93
29.734,-95.24
29.750,-93.15
29.765,-88.66
29.781,-82.84
29.796,-76.64
29.812,-70.69
29.828,-65.3
29.843,-60.52
29.859,-56.35
29.875,-52.54
29.890,-49.06
29.906,-46.02
29.921,-43.48
29.937,-41.36
29.953,-39.42
29.968,-37.4
29.984,-35.12
30.000,-32.68
30.015,-30.51
30.031,-29.06
30.046,-28.64
30.062,-29.16
30.078,-30.12
30.093,-30.8
30.109,-30.64
30.125,-29.55
30.140,-27.98
30.156,-26.81
30.171,-26.84
30.187,-28.43
30.203,-31.17
30.218,-34.19
30.234,-36.43
30.250,-37.46
30.265,-37.44
30.281,-37.16
30.296,-37.46
30.312,-38.74
30.328,-40.79
30.343,-43.36
30.359,-46.62
30.375,-51.08
30.390,-56.89
30.406,-62.66
30.421,-65.13
30.437,-60.0
30.453,-44.63
30.468,-18.47
30.484,14.76
30.500,48.38
30.515,75.41
30.531,91.07
30.546,94.48
30.562,87.91
30.578,75.52
30.593,61.31
30.609,48.17
30.625,37.7
30.640,31.05
30.656,29.16
30.671,32.16
30.687,38.34
30.703,43.32
30.718,40.68
30.734,23.92
30.750,-10.3
30.765,-59.22
30.781,-113.45
30.796,-159.56
30.812,-185.4
30.828,-185.23
30.843,-162.13
30.859,-126.16
30.875,-89.75
30.890,-62.26
30.906,-46.76
30.921,-40.75
30.937,-38.5
30.953,-35.3
30.968,-29.52
30.984,-22.11
31.000,-14.5
31.015,-7.18
31.031,0.94
31.046,11.62
31.062,25.58
31.078,41.61
31.093,57.03
31.109,68.61
31.125,74.01
31.140,73.19
31.156,68.06
31.171,61.81
31.187,57.18
31.203,55.62
31.218,56.86
31.234,59.36
31.250,61.05
31.265,60.55
31.281,57.59
31.296,53.04
31.312,48.54
31.328,45.36
31.343,43.67
31.359,42.66
31.375,40.99
31.390,37.44
31.406,31.82
31.421,25.09
31.437,18.85
31.453,14.89
31.468,14.46
31.484,17.49
31.500,22.83
31.515,28.74
31.531,33.59
31.546,36.67
31.562,38.68
31.578,40.87
31.593,44.75
31.609,50.97
31.625,59.1
31.640,67.67
31.656,74.78
31.671,79.21
31.687,80.94
31.703,81.54
31.718,83.07
31.734,87.8
31.750,97.04
31.765,110.85
31.781,128.18
31.796,146.51
31.812,162.4
31.828,172.12
31.843,172.6
31.859,162.43
31.875,143.09
31.890,119.14
31.906,96.84
31.921,80.95
31.937,73.34
31.953,71.37
31.968,68.56
31.984,57.47
32.000,33.11
32.015,-4.57
32.031,-51.19
32.046,-100.57
32.062,-147.37
32.078,-190.08
32.093,-229.78
32.109,-268.46
32.125,-306.43
32.140,-341.9
32.156,-371.87
32.171,-393.8
32.187,-406.79
32.203,-405.21
32.218,-385.84
32.234,-347.7
32.250,-293.07
32.265,-226.38
32.281,-153.04
32.296,-78.47
32.312,-7.41
32.328,56.38
32.343,109.98
32.359,151.5
32.375,181.19
32.390,200.55
32.406,212.36
32.421,219.83
32.437,225.01
32.453,228.31
32.468,230.59
32.484,229.74
32.500,223.17
32.515,209.56
32.531,188.82
32.546,161.61
32.562,128.97
32.578,91.26
32.593,48.07
32.609,0.72
32.625,-49.61
32.640,-102.17
32.656,-155.89
32.671,-208.58
32.687,-256.08
32.703,-292.13
32.718,-310.51
32.734,-307.04
32.750,-282.85
32.765,-244.88
32.781,-203.45
32.796,-168.11
32.812,-144.33
32.828,-133.56
32.843,-130.89
32.859,-131.12
32.875,-130.08
32.890,-126.13
32.906,-119.69
32.921,-111.86
32.937,-102.76
32.953,-92.05
32.968,-79.64
32.984,-66.1
33.000,-53.48
33.015,-44.17
33.031,-40.23
33.046,-42.59
33.062,-50.7
33.078,-62.42
33.093,-75.1
33.109,-86.63
33.125,-95.67
33.140,-102.2
33.156,-106.79
33.171,-110.0
33.187,-111.61
33.203,-112.51
33.218,-112.26
33.234,-110.29
33.250,-106.21
33.265,-100.05
33.281,-92.58
33.296,-84.84
33.312,-77.75
33.328,-71.83
33.343,-67.27
33.359,-63.22
33.375,-58.95
33.390,-53.9
33.406,-47.66
33.421,-40.48
33.437,-32.85
33.453,-25.36
33.468,-18.45
33.484,-12.39
33.500,-6.78
33.515,-1.17
33.531,4.97
33.546,12.11
33.562,20.28
33.578,29.24
33.593,38.52
33.609,47.52
33.625,55.93
33.640,63.9
33.656,71.98
33.671,80.85
33.687,91.17
33.703,103.1
33.718,116.42
33.734,130.52
33.750,144.56
33.765,157.94
33.781,170.52
33.796,182.53
33.812,194.65
33.828,207.97
33.843,223.52
33.859,242.1
33.875,263.58
33.890,286.46
33.906,307.76
33.921,323.73
33.937,330.72
33.953,326.5
33.968,311.11
33.984,286.84
34.000,257.64
34.015,227.81
34.031,200.88
34.046,178.94
34.062,162.47
34.078,150.65
34.093,142.04
34.109,135.0
34.125,128.13
34.140,120.52
34.156,111.85
34.171,102.09
34.187,91.6
34.203,81.0
34.218,70.94
34.234,62.51
34.250,56.75
34.265,54.32
34.281,55.14
34.296,58.24
34.312,61.97
34.328,64.48
34.343,64.5
34.359,61.53
34.375,55.96
34.390,48.57
34.406,40.13
34.421,31.13
34.437,21.64
34.453,11.73
34.468,1.55
34.484,-8.47
34.500,-17.72
34.515,-25.62
34.531,-31.82
34.546,-36.36
34.562,-39.62
34.578,-42.17
34.593,-44.65
34.609,-47.37
34.625,-50.28
34.640,-52.82
34.656,-54.14
34.671,-53.35
34.687,-50.01
34.703,-44.23
34.718,-36.89
34.734,-29.15
34.750,-22.2
34.765,-16.91
34.781,-13.66
34.796,-12.35
34.812,-12.69
34.828,-14.48
34.843,-17.58
34.859,-21.93
34.875,-27.1
34.890,-32.55
34.906,-37.47
34.921,-41.19
34.937,-43.38
34.953,-44.16
34.968,-43.99
34.984,-43.55
35.000,-43.35
35.015,-43.54
35.031,-44.09
35.046,-44.7
35.062,-44.99
35.078,-44.57
35.093,-43.1
35.109,-40.17
35.125,-35.57
35.140,-29.2
35.156,-21.28
35.171,-12.39
35.187,-3.35
35.203,4.87
35.218,11.24
35.234,15.15
35.250,16.34
35.265,15.1
35.281,12.05
35.296,8.02
35.312,3.79
35.328,-0.02
35.343,-2.97
35.359,-5.02
35.375,-6.09
35.390,-6.32
35.406,-5.89
35.421,-5.09
35.437,-4.31
35.453,-4.06
35.468,-4.54
35.484,-5.65
35.500,-7.03
35.515,-7.87
35.531,-7.28
35.546,-4.77
35.562,-0.25
35.578,5.75
35.593,12.11
35.609,17.71
35.625,21.62
35.640,23.33
35.656,22.78
35.671,20.27
35.687,16.21
35.703,10.98
35.718,4.95
35.734,-1.49
35.750,-7.86
35.765,-13.71
35.781,-18.5
35.796,-21.88
35.812,-23.78
35.828,-24.47
35.843,-24.55
35.859,-24.81
35.875,-25.92
35.890,-27.98
35.906,-30.66
35.921,-33.04
35.937,-34.05
35.953,-32.76
35.968,-28.76
35.984,-22.24
36.000,-13.95
36.015,-5.06
36.031,3.4
36.046,10.43
36.062,15.46
36.078,18.08
36.093,18.34
36.109,16.32
36.125,12.4
36.140,7.29
36.156,1.71
36.171,-3.54
36.187,-7.78
36.203,-10.62
36.218,-12.22
36.234,-12.79
36.250,-12.67
36.265,-12.18
36.281,-11.38
36.296,-10.34
36.312,-9.09
36.328,-7.66
36.343,-6.19
36.359,-4.96
36.375,-4.13
36.390,-3.61
36.406,-3.08
36.421,-1.89
36.437,0.22
36.453,3.41
36.468,7.24
36.484,10.97
36.500,13.71
36.515,14.6
36.531,12.96
36.546,8.49
36.562,1.46
36.578,-7.7
36.593,-18.04
36.609,-28.47
36.625,-37.94
36.640,-45.53
36.656,-50.53
36.671,-52.59
36.687,-51.93
36.703,-49.04
36.718,-44.92
36.734,-40.53
36.750,-36.63
36.765,-33.42
36.781,-30.34
36.796,-26.38
36.812,-20.27
36.828,-11.18
36.843,1.03
36.859,15.61
36.875,31.32
36.890,46.62
36.906,60.15
36.921,71.11
36.937,79.02
36.953,83.84
36.968,85.84
36.984,85.36
37.000,82.91
37.015,79.22
37.031,74.88
37.046,70.45
37.062,66.16
37.078,61.97
37.093,57.52
37.109,52.22
37.125,45.66
37.140,37.44
37.156,27.54
37.171,16.34
37.187,4.72
37.203,-6.27
37.218,-15.58
37.234,-22.18
37.250,-25.6
37.265,-25.83
37.281,-23.48
37.296,-19.77
37.312,-16.18
37.328,-13.78
37.343,-13.08
37.359,-13.92
37.375,-15.49
37.390,-17.03
37.406,-18.0
37.421,-18.47
37.437,-18.89
37.453,-19.96
37.468,-22.05
37.484,-25.23
37.500,-29.19
37.515,-33.37
37.531,-37.34
37.546,-40.67
37.562,-43.32
37.578,-45.49
37.593,-47.58
37.609,-50.06
37.625,-53.28
37.640,-57.11
37.656,-60.9
37.671,-63.7
37.687,-64.38
37.703,-62.03
37.718,-56.43
37.734,-48.08
37.750,-38.17
37.765,-28.32
37.781,-19.97
37.796,-14.25
37.812,-11.7
37.828,-12.33
37.843,-15.67
37.859,-20.89
37.875,-27.01
37.890,-32.92
37.906,-37.64
37.921,-40.5
37.937,-41.43
37.953,-40.84
37.968,-39.51
37.984,-38.27
38.000,-37.56
38.015,-37.54
38.031,-37.99
38.046,-38.49
38.062,-38.65
38.078,-38.09
38.093,-36.35
38.109,-32.79
38.125,-26.91
38.140,-18.32
38.156,-7.29
38.171,5.48
38.187,18.7
38.203,30.99
38.218,41.25
38.234,48.93
38.250,54.12
38.265,57.18
38.281,58.79
38.296,59.26
38.312,58.75
38.328,57.17
38.343,54.39
38.359,50.79
38.375,47.14
38.390,44.4
38.406,43.26
38.421,43.66
38.437,44.65
38.453,44.83
38.468,42.89
38.484,38.23
38.500,31.3
38.515,23.46
38.531,16.37
38.546,11.38
38.562,9.07
38.578,9.03
38.593,10.32
38.609,11.82
38.625,12.68
38.640,12.65
38.656,11.68
38.671,9.96
38.687,7.46
38.703,3.94
38.718,-0.92
38.734,-7.12
38.750,-14.14
38.765,-21.09
38.781,-26.83
38.796,-30.65
38.812,-32.42
38.828,-32.64
38.843,-32.12
38.859,-31.74
38.875,-31.96
38.890,-32.85
38.906,-33.99
38.921,-34.84
38.937,-34.92
38.953,-33.81
38.968,-31.27
38.984,-27.06
39.000,-21.03
39.015,-13.11
39.031,-3.62
39.046,6.81
39.062,17.3
39.078,26.72
39.093,34.13
39.109,38.93
39.125,40.86
39.140,40.21
39.156,37.54
39.171,33.59
39.187,29.06
39.203,24.72
39.218,21.27
39.234,19.31
39.250,19.39
39.265,21.43
39.281,24.66
39.296,27.7
39.312,28.88
39.328,26.8
39.343,21.04
39.359,12.41
39.375,2.73
39.390,-5.76
39.406,-11.22
39.421,-12.8
39.437,-10.68
39.453,-6.0
39.468,-0.15
39.484,5.54
39.500,10.19
39.515,13.49
39.531,15.31
39.546,15.6
39.562,14.3
39.578,11.35
39.593,6.68
39.609,0.7
39.625,-5.89
39.640,-12.19
39.656,-17.22
39.671,-20.52
39.687,-22.14
39.703,-22.61
39.718,-22.64
39.734,-22.96
39.750,-23.85
39.765,-25.37
39.781,-27.23
39.796,-29.02
39.812,-30.39
39.828,-30.81
39.843,-29.81
39.859,-26.98
39.875,-22.13
39.890,-15.32
39.906,-7.12
39.921,1.59
39.937,9.88
39.953,16.72
39.968,21.32
39.984,23.18
40.000,22.16
40.015,18.62
40.031,13.21
40.046,6.85
40.062,0.37
40.078,-5.53
40.093,-10.47
40.109,-14.31
40.125,-17.17
40.140,-19.23
40.156,-20.63
40.171,-21.58
40.187,-22.44
40.203,-23.54
40.218,-25.17
40.234,-27.34
40.250,-29.61
40.265,-31.2
40.281,-31.19
40.296,-28.72
40.312,-23.36
40.328,-15.39
40.343,-5.65
40.359,4.76
40.375,14.61
40.390,22.96
40.406,29.12
40.421,32.71
40.437,33.63
40.453,32.03
40.468,28.21
40.484,22.83
40.500,16.69
40.515,10.84
40.531,6.08
40.546,2.9
40.562,1.35
40.578,1.0
40.593,1.24
40.609,1.53
40.625,1.49
40.640,0.99
40.671,-1.35
40.687,-2.91
40.703,-4.22
40.718,-4.62
40.734,-3.29
40.750,0.42
40.765,6.62
40.781,14.8
40.796,23.61
40.812,31.46
40.828,36.83
40.843,38.85
40.859,37.24
40.875,32.51
40.890,25.57
40.906,17.44
40.921,8.92
40.937,0.62
40.953,-7.06
40.968,-13.82
40.984,-19.14
41.000,-22.74
41.015,-24.36
41.031,-24.06
41.046,-22.33
41.062,-20.0
41.078,-17.9
41.093,-16.74
41.109,-16.76
41.125,-17.52
41.140,-18.2
41.156,-17.71
41.171,-15.07
41.187,-9.93
41.203,-2.5
41.218,6.49
41.234,15.97
41.250,24.85
41.265,32.37
41.281,37.96
41.296,41.31
41.312,42.18
41.328,40.27
41.343,35.6
41.359,28.62
41.375,20.2
41.390,11.42
41.406,3.58
41.421,-2.51
41.437,-6.43
41.453,-8.29
41.468,-8.66
41.484,-8.14
41.500,-7.27
41.515,-6.58
41.531,-6.5
41.546,-7.14
41.562,-8.42
41.578,-9.58
41.593,-9.34
41.609,-6.28
41.625,0.7
41.640,11.97
41.656,26.78
41.671,43.53
41.687,60.26
41.703,75.15
41.718,87.24
41.734,96.51
41.750,103.74
41.765,109.9
41.781,115.83
41.796,122.08
41.812,128.84
41.828,136.17
41.843,143.95
41.859,152.2
41.875,161.07
41.890,171.04
41.906,183.06
41.921,198.41
41.937,218.49
41.953,244.01
41.968,274.45
41.984,307.57
42.000,339.89
42.015,367.42
42.031,386.85
42.046,396.28
42.062,395.31
42.078,384.63
42.093,365.39
42.109,339.04
42.125,307.14
42.140,271.78
42.156,235.26
42.171,199.89
42.187,167.26
42.203,137.84
42.218,111.12
42.234,85.93
42.250,61.21
42.265,36.52
42.281,12.13
42.296,-11.36
42.312,-33.08
42.328,-52.24
42.343,-68.51
42.359,-81.73
42.375,-92.01
42.390,-99.63
42.406,-104.76
42.421,-107.42
42.437,-107.6
42.453,-105.27
42.468,-100.79
42.484,-94.96
42.500,-88.81
42.515,-83.43
42.531,-79.72
42.546,-78.34
42.562,-79.56
42.578,-83.76
42.593,-91.08
42.609,-101.57
42.625,-114.77
42.640,-129.26
42.656,-142.87
42.671,-153.42
42.687,-159.62
42.703,-161.66
42.718,-161.31
42.734,-160.54
42.750,-160.81
42.765,-162.37
42.781,-164.33
42.796,-165.5
42.812,-165.12
42.828,-162.8
42.843,-158.43
42.859,-151.96
42.875,-142.98
42.890,-131.11
42.906,-116.64
42.921,-100.66
42.937,-85.21
42.953,-72.47
42.968,-63.97
42.984,-60.02
43.000,-59.58
43.015,-60.29
43.031,-59.56
43.046,-55.64
43.062,-48.07
43.078,-38.11
43.093,-27.73
43.109,-18.46
43.125,-10.39
43.140,-2.64
43.156,6.31
43.171,16.81
43.187,27.11
43.203,34.8
43.218,37.18
43.234,33.42
43.250,25.41
43.265,17.28
43.281,13.32
43.296,16.47
43.312,26.64
43.328,41.13
43.343,56.75
43.359,70.42
43.375,80.33
43.390,85.58
43.406,85.29
43.421,78.03
43.437,62.75
43.453,39.59
43.468,10.87
43.484,-17.45
43.500,-39.24
43.515,-49.47
43.531,-46.31
43.546,-31.8
43.562,-11.29
43.578,9.19
43.593,24.39
43.609,30.08
43.625,28.96
43.640,23.34
43.656,16.13
43.671,9.51
43.687,4.04
43.703,-1.23
43.718,-7.79
43.734,-17.54
43.750,-35.61
43.765,-57.34
43.781,-81.53
43.796,-106.27
43.812,-129.95
43.828,-151.78
43.843,-172.37
43.859,-193.38
43.875,-217.75
43.890,-255.34
43.906,-302.18
43.921,-360.05
43.937,-427.79
43.953,-500.81
43.968,-570.72
43.984,-627.72
44.000,-663.65
44.015,-675.28
44.031,-674.08
44.046,-658.69
44.062,-638.68
44.078,-621.2
44.093,-609.5
44.109,-601.91
44.125,-593.87
44.140,-580.55
44.156,-506.09
44.171,-438.0
44.187,-371.88
44.203,-315.34
44.218,-274.34
44.234,-251.16
44.250,-243.25
44.265,-243.89
44.281,-244.64
44.296,-238.33
44.312,-228.9
44.328,-205.56
44.343,-168.8
44.359,-119.79
44.375,-60.51
44.390,5.78
44.406,73.84
44.421,137.18
44.437,189.19
44.453,218.7
44.468,231.56
44.484,230.29
44.500,220.25
44.515,207.7
44.531,197.99
44.546,194.4
44.562,198.33
44.578,209.75
44.593,223.56
44.609,242.28
44.625,262.42
44.640,279.25
44.656,287.6
44.671,283.6
44.687,266.29
44.703,238.22
44.718,203.86
44.734,165.36
44.750,126.34
44.765,85.44
44.781,41.04
44.796,-6.16
44.812,-51.29
44.828,-86.54
44.843,-104.27
44.859,-101.23
44.875,-81.61
44.890,-53.67
44.906,-28.8
44.921,-15.77
44.937,-17.0
44.953,-27.87
44.968,-39.55
44.984,-43.19
45.000,-34.18
45.015,-13.73
45.031,12.91
45.046,39.39
45.062,61.58
45.078,78.28
45.093,89.34
45.109,93.12
45.125,85.34
45.140,60.83
45.156,17.45
45.171,-40.57
45.187,-103.21
45.203,-157.88
45.218,-195.05
45.234,-211.76
45.250,-211.78
45.265,-202.12
45.281,-188.9
45.296,-174.62
45.312,-158.02
45.328,-136.7
45.343,-109.59
45.359,-77.89
45.375,-44.7
45.390,-13.35
45.406,14.35
45.421,37.97
45.437,58.1
45.453,75.32
45.468,89.43
45.484,99.56
45.500,104.57
45.515,103.82
45.531,97.69
45.546,87.65
45.562,75.54
45.578,63.15
45.593,51.7
45.609,41.58
45.625,32.74
45.640,24.88
45.656,18.02
45.671,12.61
45.687,9.39
45.703,9.1
45.718,12.19
45.734,18.57
45.750,27.47
45.765,38.05
45.781,49.62
45.796,62.07
45.812,75.67
45.828,90.94
45.843,107.94
45.859,126.42
45.875,145.9
45.890,165.86
45.906,186.2
45.921,207.02
45.937,228.17
45.953,248.36
45.968,265.02
45.984,274.45
46.000,273.26
46.015,259.75
46.031,234.56
46.046,200.73
46.062,162.75
46.078,125.47
46.093,93.38
46.109,70.25
46.125,58.87
46.140,60.43
46.156,73.46
46.171,93.37
46.187,112.92
46.203,124.24
46.218,121.78
46.234,104.45
46.250,76.2
46.265,44.33
46.281,16.91
46.296,-0.24
46.312,-5.03
46.328,1.19
46.343,15.05
46.359,32.92
46.375,51.87
46.390,69.99
46.406,85.52
46.421,96.59
46.437,101.09
46.453,97.01
46.468,83.55
46.484,61.92
46.500,35.28
46.515,8.06
46.531,-15.12
46.546,-30.67
46.562,-36.73
46.578,-33.14
46.593,-21.32
46.609,-3.82
46.625,16.29
46.640,35.98
46.656,52.63
46.671,64.63
46.687,71.63
46.703,74.44
46.718,74.63
46.734,74.19
46.750,75.26
46.765,79.13
46.781,86.01
46.796,94.36
46.812,101.24
46.828,102.85
46.843,96.31
46.859,81.3
46.875,60.43
46.890,38.76
46.906,21.23
46.921,10.93
46.937,7.88
46.953,9.99
46.968,14.5
46.984,19.59
47.000,25.26
47.015,32.35
47.031,41.65
47.046,52.48
47.062,63.14
47.078,71.52
47.093,76.49
47.109,78.31
47.125,78.41
47.140,78.6
47.156,79.81
47.171,81.96
47.187,83.73
47.203,83.71
47.218,81.09
47.234,76.37
47.250,71.07
47.265,66.96
47.281,65.05
47.296,64.76
47.312,64.41
47.328,61.84
47.343,55.51
47.359,45.35
47.375,32.5
47.390,18.87
47.406,5.91
47.421,-5.72
47.437,-16.37
47.453,-26.75
47.468,-37.47
47.484,-48.96
47.500,-61.2
47.515,-74.09
47.531,-87.11
47.546,-99.52
47.562,-110.09
47.578,-117.68
47.593,-121.6
47.609,-122.24
47.625,-121.1
47.640,-120.23
47.656,-121.51
47.671,-125.75
47.687,-132.45
47.703,-140.11
47.718,-146.93
47.734,-151.23
47.750,-152.02
47.765,-149.14
47.781,-143.06
47.796,-134.61
47.812,-124.53
47.828,-113.25
47.843,-101.06
47.859,-88.43
47.875,-75.89
47.890,-64.2
47.906,-53.59
47.921,-43.74
47.937,-33.73
47.953,-22.58
47.968,-9.68
47.984,4.65
48.000,19.27
48.015,32.81
48.031,44.14
48.046,52.85
48.062,59.15
48.078,63.64
48.093,67.13
48.109,70.44
48.125,74.27
48.140,78.86
48.156,83.93
48.171,88.63
48.187,92.06
48.203,93.74
48.218,93.42
48.234,91.11
48.250,86.54
48.265,79.01
48.281,67.74
48.296,52.6
48.312,34.77
48.328,16.78
48.343,1.91
48.359,-7.24
48.375,-9.29
48.390,-4.62
48.406,5.09
48.421,17.83
48.437,31.86
48.453,45.95
48.468,59.13
48.484,70.4
48.500,78.45
48.515,82.19
48.531,81.04
48.546,75.3
48.562,66.26
48.578,55.85
48.593,46.1
48.609,38.55
48.625,33.74
48.640,31.24
48.656,29.78
48.671,27.76
48.687,23.75
48.703,17.21
48.718,8.68
48.734,-0.16
48.750,-6.84
48.765,-9.12
48.781,-5.52
48.796,3.58
48.812,16.19
48.828,29.26
48.843,39.83
48.859,46.02
48.875,47.8
48.890,47.01
48.906,46.27
48.921,48.48
48.937,55.61
48.953,68.57
48.968,87.1
48.984,110.04
49.000,135.4
49.015,160.59
49.031,182.69
49.046,198.55
49.062,205.39
49.078,201.2
49.093,185.42
49.109,159.15
49.125,124.85
49.140,85.93
49.156,45.8
49.171,7.49
49.187,-26.66
49.203,-54.77
49.218,-75.17
49.234,-86.27
49.250,-86.61
49.265,-75.59
49.281,-53.66
49.296,-23.08
49.312,12.36
49.328,47.85
49.343,78.58
49.359,100.65
49.375,111.77
49.390,111.92
49.406,102.94
49.421,88.07
49.437,70.89
49.453,54.45
49.468,40.53
49.484,29.35
49.500,19.72
49.515,8.98
49.531,-6.28
49.546,-29.74
49.562,-64.09
49.578,-109.63
49.593,-162.77
49.609,-215.99
49.625,-259.6
49.640,-284.64
49.656,-286.62
49.671,-266.75
49.687,-231.26
49.703,-188.02
49.718,-143.49
49.734,-100.87
49.750,-60.85
49.765,-23.86
49.781,8.47
49.796,32.8
49.812,46.34
49.828,48.52
49.843,42.19
49.859,32.31
49.875,23.5
49.890,18.06
49.906,15.25
49.921,12.83
49.937,8.31
49.953,0.81
49.968,-9.0
49.984,-19.37
50.000,-28.46
50.015,-35.42
50.031,-40.45
50.046,-44.44
50.062,-48.2
50.078,-52.04
50.093,-55.41
50.109,-57.17
50.125,-55.99
50.140,-50.74
50.156,-41.19
50.171,-27.71
50.187,-11.52
50.203,5.92
50.218,23.12
50.234,38.87
50.250,52.39
50.265,63.09
50.281,70.58
50.296,74.2
50.312,73.56
50.328,68.47
50.343,59.47
50.359,47.61
50.375,34.26
50.390,20.73
50.406,7.81
50.421,-4.09
50.437,-14.87
50.453,-24.8
50.468,-34.69
50.484,-45.91
50.500,-59.75
50.515,-76.41
50.531,-94.04
50.546,-108.81
50.562,-116.39
50.578,-113.79
50.593,-101.01
50.609,-81.34
50.625,-59.7
50.640,-40.35
50.656,-25.53
50.671,-15.35
50.687,-9.01
50.703,-6.12
50.718,-6.91
50.734,-11.42
50.750,-18.36
50.765,-24.63
50.781,-26.34
50.796,-20.76
50.812,-7.71
50.828,10.21
50.843,28.94
50.859,44.85
50.875,56.0
50.890,62.41
50.906,65.42
50.921,66.33
50.937,65.77
50.953,63.59
50.968,59.4
50.984,53.16
51.000,45.42
51.015,36.98
51.031,28.78
51.046,21.48
51.062,15.52
51.078,11.26
51.093,9.17
51.109,9.77
51.125,13.38
51.140,19.87
51.156,28.19
51.171,36.81
51.187,43.87
51.203,47.87
51.218,48.12
51.234,45.02
51.250,39.62
51.265,33.08
51.281,26.4
51.296,19.95
51.312,13.87
51.328,8.26
51.343,3.31
51.359,-0.47
51.375,-2.62
51.390,-2.89
51.406,-1.41
51.421,1.31
51.437,4.46
51.453,7.07
51.468,8.19
51.484,6.97
51.500,3.15
51.515,-3.14
51.531,-10.92
51.546,-18.85
51.562,-25.28
51.578,-28.83
51.593,-28.78
51.609,-25.12
51.625,-18.69
51.640,-10.6
51.656,-2.2
51.671,5.54
51.687,11.85
51.703,16.41
51.718,19.1
51.734,20.02
51.750,19.4
51.765,17.52
51.781,14.76
51.796,11.43
51.812,7.94
51.828,4.56
51.843,1.45
51.859,-1.34
51.875,-3.89
51.890,-6.48
51.906,-9.35
51.921,-12.69
51.937,-16.5
51.953,-20.6
51.968,-24.35
51.984,-26.99
52.000,-27.71
52.015,-25.89
52.031,-21.25
52.046,-14.15
52.062,-5.39
52.078,4.13
52.093,13.37
52.109,21.57
52.125,28.18
52.140,32.77
52.156,34.98
52.171,34.64
52.187,31.65
52.203,26.23
52.218,18.91
52.234,10.59
52.250,2.32
52.265,-4.95
52.281,-10.59
52.296,-14.38
52.312,-16.37
52.328,-16.97
52.343,-16.65
52.359,-15.9
52.375,-15.16
52.390,-14.77
52.406,-14.9
52.421,-15.66
52.437,-16.75
52.453,-17.59
52.468,-17.28
52.484,-14.83
52.500,-9.51
52.515,-1.15
52.531,9.77
52.546,22.15
52.562,34.57
52.578,45.72
52.593,54.67
52.609,60.99
52.625,64.76
52.640,66.18
52.656,65.66
52.671,63.61
52.687,60.38
52.703,56.47
52.718,52.41
52.734,48.9
52.750,46.96
52.765,47.76
52.781,52.13
52.796,60.44
52.812,72.21
52.828,86.06
52.843,100.15
52.859,112.74
52.875,122.65
52.890,129.51
52.906,133.78
52.921,136.34
52.937,138.39
52.953,141.24
52.968,145.81
52.984,152.7
53.000,161.86
53.015,172.58
53.031,183.77
53.046,194.34
53.062,203.74
53.078,212.36
53.093,221.09
53.109,230.91
53.125,242.64
53.140,256.46
53.156,271.65
53.171,286.66
53.187,298.91
53.203,305.44
53.218,303.92
53.234,292.8
53.250,272.13
53.265,243.52
53.281,209.49
53.296,172.39
53.312,133.93
53.328,94.73
53.343,54.88
53.359,14.84
53.375,-25.25
53.390,-65.34
53.406,-105.46
53.421,-145.61
53.437,-185.76
53.453,-224.89
53.468,-261.41
53.484,-296.86
53.500,-329.51
53.515,-356.37
53.531,-373.9
53.546,-379.24
53.562,-371.51
53.578,-352.08
53.593,-323.0
53.609,-286.75
53.625,-245.96
53.640,-202.36
53.656,-158.63
53.671,-117.72
53.687,-82.39
53.703,-53.08
53.718,-30.79
53.734,-16.1
53.750,-8.75
53.765,-8.53
53.781,-14.58
53.796,-27.15
53.812,-46.68
53.828,-73.36
53.843,-106.47
53.859,-144.27
53.875,-184.26
53.890,-223.86
53.906,-261.71
53.921,-295.09
53.937,-323.42
53.953,-347.6
53.968,-369.76
53.984,-392.74
54.000,-419.31
54.015,-450.54
54.031,-484.7
54.046,-516.65
54.062,-538.68
54.078,-543.73
54.093,-527.5
54.109,-490.27
54.125,-437.41
54.140,-377.2
54.156,-317.56
54.171,-264.07
54.187,-218.87
54.203,-181.41
54.218,-150.47
54.234,-125.44
54.250,-106.0
54.265,-92.08
54.281,-82.72
54.296,-75.61
54.312,-68.03
54.328,-57.92
54.343,-44.63
54.359,-29.06
54.375,-13.28
54.390,1.03
54.406,13.12
54.421,23.48
54.437,33.75
54.453,45.9
54.468,61.21
54.484,79.83
54.500,100.64
54.515,121.77
54.531,141.43
54.546,158.59
54.562,173.48
54.578,187.08
54.593,200.8
54.609,215.96
54.625,233.76
54.640,254.49
54.656,277.61
54.671,301.39
54.687,322.73
54.703,338.38
54.718,345.51
54.734,342.88
54.750,331.44
54.765,314.16
54.781,294.68
54.796,276.1
54.812,260.23
54.828,247.19
54.843,236.23
54.859,226.39
54.875,216.82
54.890,206.72
54.906,195.25
54.921,181.34
54.937,163.98
54.953,142.93
54.968,119.01
54.984,94.11
55.000,70.83
55.015,52.16
55.031,40.43
55.046,36.87
55.062,40.98
55.078,50.13
55.093,60.34
55.109,67.73
55.125,70.32
55.140,69.33
55.156,69.53
55.171,77.4
55.187,98.72
55.203,136.6
55.218,190.16
55.234,254.61
55.250,322.29
55.265,384.21
55.281,431.29
55.296,456.26
55.312,455.04
55.328,427.72
55.343,378.49
55.359,314.67
55.375,244.52
55.390,174.93
55.406,110.56
55.421,53.45
55.437,3.7
55.453,-39.55
55.468,-76.98
55.484,-108.65
55.500,-133.63
55.515,-150.5
55.531,-158.71
55.546,-159.73
55.562,-156.97
55.578,-154.86
55.593,-156.82
55.609,-162.77
55.625,-168.74
55.640,-168.64
55.656,-157.2
55.671,-133.27
55.687,-101.16
55.703,-68.68
55.718,-43.56
55.734,-30.35
55.750,-29.24
55.765,-36.94
55.781,-49.41
55.796,-64.15
55.812,-80.43
55.828,-98.65
55.843,-119.02
55.859,-140.15
55.875,-159.04
55.890,-172.66
55.906,-179.26
55.921,-179.34
55.937,-175.7
55.953,-172.18
55.968,-171.88
55.984,-176.38
56.000,-185.35
56.015,-197.35
56.031,-210.59
56.046,-224.03
56.062,-237.56
56.078,-252.15
56.093,-268.25
56.109,-285.43
56.125,-302.62
56.140,-318.53
56.156,-332.17
56.171,-343.03
56.187,-351.08
56.203,-356.06
56.218,-358.23
56.234,-356.61
56.250,-349.05
56.265,-332.87
56.281,-305.99
56.296,-267.7
56.312,-218.58
56.328,-160.29
56.343,-95.37
56.359,-27.42
56.375,40.51
56.390,105.83
56.406,166.13
56.421,218.71
56.437,259.47
56.453,283.43
56.468,287.49
56.484,275.42
56.500,252.74
56.515,225.37
56.531,196.99
56.546,170.78
56.562,149.54
56.578,134.97
56.593,128.27
56.609,129.74
56.625,137.27
56.640,145.25
56.656,147.19
56.671,139.15
56.687,122.39
56.703,104.14
56.718,93.54
56.734,96.5
56.750,112.07
56.765,132.0
56.781,143.91
56.796,137.51
56.812,108.98
56.828,61.59
56.843,1.96
56.859,-64.13
56.875,-133.46
56.890,-203.5
56.906,-269.99
56.921,-325.68
56.937,-361.92
56.953,-372.87
56.968,-359.16
56.984,-329.08
57.000,-295.09
57.015,-268.33
57.031,-253.66
57.046,-248.43
57.062,-244.64
57.078,-233.5
57.093,-209.66
57.109,-173.14
57.125,-128.78
57.140,-83.5
57.156,-43.34
57.171,-11.58
57.187,11.46
57.203,27.45
57.218,39.09
57.234,48.92
57.250,58.85
57.265,70.05
57.281,83.02
57.296,97.35
57.312,111.76
57.328,124.43
57.343,133.04
57.359,135.94
57.375,132.32
57.390,122.77
57.406,108.76
57.421,92.54
57.437,76.35
57.453,62.35
57.468,52.23
57.484,46.69
57.500,45.42
57.515,46.94
57.531,49.5
57.546,51.44
57.562,52.41
57.578,53.09
57.593,54.94
57.609,59.48
57.625,67.46
57.640,78.61
57.656,91.51
57.671,104.31
57.687,114.97
57.703,122.01
57.718,124.52
57.734,122.28
57.750,115.75
57.765,105.84
57.781,94.06
57.796,81.74
57.812,70.02
57.828,59.77
57.843,51.41
57.859,45.12
57.875,40.81
57.890,38.35
57.906,37.14
57.921,36.66
57.937,36.28
57.953,35.57
57.968,34.32
57.984,32.49
58.000,30.19
58.015,27.3
58.031,23.95
58.046,20.3
58.062,16.91
58.078,14.51
58.093,13.9
58.109,15.71
58.125,19.98
58.140,26.36
58.156,33.96
58.171,41.84
58.187,49.0
58.203,54.75
58.218,58.62
58.234,60.58
58.250,61.02
58.265,60.56
58.281,60.04
58.296,60.19
58.312,61.44
58.328,63.66
58.343,66.29
58.359,68.29
58.375,68.61
58.390,66.49
58.406,61.65
58.421,54.51
58.437,46.14
58.453,38.14
58.468,32.32
58.484,30.5
58.500,34.07
58.515,43.92
58.531,59.86
58.546,80.73
58.562,104.65
58.578,129.38
58.593,152.93
58.609,174.01
58.625,191.88
58.640,206.11
58.656,216.5
58.671,222.9
58.687,225.2
58.703,223.99
58.718,220.38
58.734,215.59
58.750,210.34
58.765,203.91
58.781,193.84
58.796,176.77
58.812,149.98
58.828,112.7
58.843,66.76
58.859,15.86
58.875,-36.15
58.890,-86.47
58.906,-134.27
58.921,-180.22
58.937,-225.48
58.953,-270.99
58.968,-317.42
58.984,-365.59
59.000,-416.79
59.015,-471.76
59.031,-528.84
59.046,-582.57
59.062,-624.23
59.078,-644.26
59.093,-636.24
59.109,-599.71
59.125,-540.45
59.140,-468.41
59.156,-393.66
59.171,-323.05
59.187,-258.98
59.203,-200.39
59.218,-144.83
59.234,-90.43
59.250,-36.55
59.265,16.57
59.281,68.1
59.296,116.74
59.312,160.52
59.328,196.89
59.343,223.11
59.359,237.52
59.375,239.87
59.390,231.69
59.406,215.74
59.421,195.15
59.437,172.93
59.453,151.69
59.468,133.73
59.484,120.67
59.500,113.17
59.515,110.24
59.531,109.48
59.546,107.74
59.562,102.39
59.578,92.41
59.593,78.86
59.609,64.11
59.625,50.82
59.640,40.71
59.656,34.02
59.671,29.92
59.687,26.95
59.703,23.74
59.718,19.03
59.734,11.79
59.750,1.43
59.765,-11.57
59.781,-25.32
59.796,-36.76
59.812,-42.73
59.828,-41.5
59.843,-33.73
59.859,-22.31
59.875,-10.89
59.890,-2.21
59.906,3.34
59.921,7.73
59.937,13.96
59.953,24.58
59.968,40.43
59.984,60.62
