timestamp,x,y,z
00.009,24.06,-14.759999,-19.14
00.026,24.48,-14.4,-19.32
00.066,24.3,-14.099999,-19.98
00.088,24.48,-14.28,-20.1
00.127,24.779999,-13.86,-20.76
00.167,24.06,-13.62,-19.98
00.206,24.42,-13.98,-19.02
00.227,24.72,-14.4,-19.14
00.268,24.96,-14.04,-19.5
00.307,24.42,-13.98,-19.439999
00.326,24.06,-14.34,-20.34
00.369,23.82,-14.219999,-20.1
00.407,24.24,-14.16,-19.68
00.427,24.3,-14.04,-20.039999
00.467,23.82,-14.639999,-19.619999
00.507,23.519999,-15.12,-19.38
00.527,23.58,-15.0,-18.96
00.567,23.939999,-14.639999,-19.14
00.606,24.0,-14.34,-19.439999
00.626,23.939999,-14.58,-19.56
00.668,24.359999,-14.759999,-19.8
00.707,24.18,-14.46,-20.34
00.726,24.0,-14.16,-19.8
00.767,24.42,-13.98,-19.92
00.806,24.42,-14.5199995,-19.5
00.826,24.42,-14.7,-19.199999
00.866,24.359999,-14.5199995,-19.859999
00.907,24.96,-14.4,-20.64
00.927,25.199999,-14.34,-20.699999
00.970,24.779999,-14.34,-20.58
01.007,24.48,-15.12,-19.74
01.047,25.14,-14.94,-19.859999
01.068,25.32,-14.82,-19.56
01.101,25.199999,-14.639999,-19.56
01.129,24.539999,-14.82,-19.199999
01.167,24.6,-14.88,-19.8
01.206,24.359999,-14.4,-20.22
01.247,24.18,-13.86,-19.8
01.266,24.3,-13.799999,-19.5
01.306,24.3,-14.099999,-19.619999
01.346,24.539999,-14.099999,-19.439999
01.367,24.24,-14.219999,-19.02
01.406,23.64,-14.94,-19.08
01.446,23.939999,-14.94,-19.32
01.466,23.82,-14.94,-19.5
01.507,24.539999,-15.299999,-20.039999
01.547,24.539999,-15.299999,-19.32
01.566,24.9,-15.24,-19.38
01.608,25.08,-15.299999,-19.08
01.649,25.199999,-15.299999,-18.48
01.667,25.199999,-15.36,-18.779999
01.706,25.439999,-14.94,-19.32
01.746,24.72,-15.179999,-19.439999
01.769,24.66,-15.42,-19.26
01.807,24.6,-15.24,-19.619999
01.850,24.3,-15.0,-19.74
01.886,24.24,-14.7,-19.38
01.906,24.42,-14.82,-19.32
01.948,23.699999,-14.88,-18.96
01.968,24.06,-14.5199995,-18.84
02.006,25.14,-15.059999,-19.32
02.047,24.359999,-15.24,-20.16
02.088,24.06,-14.4,-19.68
02.108,23.82,-14.28,-19.439999
02.148,24.119999,-13.62,-19.02
02.189,24.24,-14.099999,-19.02
02.208,24.18,-14.5199995,-19.14
02.246,23.76,-14.7,-19.56
02.287,24.3,-14.88,-19.74
02.310,24.3,-15.059999,-19.74
02.348,24.48,-14.7,-19.32
02.389,24.84,-14.58,-19.56
02.409,24.6,-14.16,-19.439999
02.446,25.08,-14.16,-19.199999
02.487,24.6,-14.94,-19.14
02.509,24.539999,-14.34,-19.38
02.546,24.06,-14.28,-19.14
02.588,24.119999,-14.94,-19.32
02.626,24.24,-15.78,-19.199999
02.646,23.76,-15.66,-19.08
02.686,23.34,-15.66,-18.72
02.726,23.699999,-15.719999,-18.84
02.746,23.76,-15.66,-18.72
02.785,23.939999,-16.199999,-18.779999
02.825,24.6,-16.26,-18.48
02.846,25.199999,-15.54,-18.72
02.886,25.859999,-15.0,-19.199999
02.926,25.56,-16.26,-19.26
02.945,25.32,-16.5,-19.56
02.986,25.14,-16.26,-19.619999
03.027,25.14,-16.56,-19.56
03.046,25.14,-16.56,-19.439999
03.087,24.9,-16.92,-19.98
03.126,25.38,-16.68,-19.74
03.147,25.32,-16.5,-19.74
03.186,24.84,-15.96,-19.619999
03.228,25.439999,-16.44,-19.08
03.246,25.619999,-16.68,-19.38
03.287,25.26,-16.859999,-19.5
03.328,25.5,-17.1,-19.68
03.348,25.74,-17.16,-19.5
03.386,25.56,-16.5,-19.5
03.428,25.68,-16.26,-19.8
03.448,25.32,-16.56,-19.74
03.486,25.619999,-16.32,-19.74
03.528,25.68,-15.96,-20.1
03.548,25.74,-16.14,-19.98
03.587,25.26,-16.859999,-19.8
03.626,25.32,-16.38,-18.779999
03.666,24.72,-15.719999,-18.539999
03.686,24.48,-15.599999,-19.14
03.728,24.779999,-15.48,-19.32
03.767,24.539999,-15.059999,-18.779999
03.786,24.6,-15.42,-18.359999
03.826,25.019999,-14.759999,-18.96
03.866,25.199999,-14.7,-19.38
03.886,24.72,-15.179999,-19.5
03.925,24.24,-15.299999,-19.26
03.965,24.3,-15.48,-18.84
03.985,24.3,-15.48,-19.199999
04.026,24.779999,-14.639999,-19.8
04.066,24.6,-14.58,-19.8
04.086,24.48,-14.58,-20.16
04.127,23.76,-15.24,-19.859999
04.168,23.82,-15.36,-19.56
04.186,23.58,-14.7,-19.38
04.225,24.48,-14.4,-18.72
04.268,25.619999,-15.299999,-19.439999
04.288,25.32,-15.0,-19.8
04.325,24.779999,-14.759999,-20.34
04.367,24.539999,-14.34,-19.92
04.407,25.019999,-14.58,-19.14
04.429,24.9,-15.179999,-19.5
04.465,24.779999,-15.599999,-18.9
04.505,24.539999,-16.02,-19.26
04.526,24.24,-16.14,-20.22
04.568,24.0,-16.08,-20.34
04.608,24.48,-15.839999,-19.98
04.627,24.359999,-16.14,-19.92
04.666,24.06,-15.66,-19.98
04.706,24.0,-14.759999,-19.32
04.728,24.24,-15.059999,-19.199999
04.766,24.6,-14.82,-19.5
04.807,24.48,-14.28,-19.74
04.826,24.66,-14.58,-19.26
04.866,24.42,-15.179999,-19.26
04.907,24.18,-14.94,-19.8
04.926,24.66,-15.299999,-19.74
04.967,24.84,-15.0,-18.6
05.007,24.42,-16.02,-18.96
05.027,24.42,-16.02,-19.439999
05.067,24.72,-15.599999,-19.68
05.106,24.66,-15.179999,-19.74
05.146,24.06,-15.12,-18.9
05.166,24.06,-15.299999,-18.9
05.207,24.06,-15.839999,-19.56
05.229,24.0,-15.24,-19.8
05.268,24.66,-14.88,-19.68
05.307,24.24,-15.66,-19.02
05.347,23.58,-15.179999,-18.96
05.368,23.82,-14.58,-19.26
05.407,24.24,-13.86,-19.32
05.448,24.359999,-14.46,-19.439999
05.467,24.24,-14.46,-19.56
05.508,23.4,-14.46,-19.32
05.547,23.939999,-14.5199995,-19.08
05.566,24.18,-15.0,-19.199999
05.607,23.82,-14.639999,-19.98
05.647,24.119999,-14.639999,-20.16
05.667,24.48,-14.5199995,-20.4
05.707,23.939999,-14.46,-20.22
05.747,22.92,-14.34,-19.68
05.766,22.92,-14.5199995,-20.039999
05.808,23.88,-14.16,-20.16
05.846,24.119999,-14.46,-19.56
05.869,24.06,-14.5199995,-19.74
05.907,23.58,-14.88,-20.34
05.948,23.82,-14.88,-20.34
05.967,23.699999,-14.759999,-19.98
06.008,23.76,-14.4,-19.92
06.050,23.519999,-14.639999,-19.619999
06.069,23.519999,-14.82,-19.38
06.107,23.76,-14.82,-19.56
06.147,23.699999,-15.0,-19.859999
06.168,23.64,-14.46,-20.16
06.208,24.359999,-15.059999,-20.279999
06.248,24.0,-15.059999,-20.52
06.288,23.699999,-14.759999,-20.64
06.308,23.16,-14.88,-20.52
06.348,22.74,-14.34,-20.52
06.389,23.16,-14.16,-21.0
06.408,23.22,-14.099999,-20.82
06.448,24.06,-14.16,-20.52
06.488,23.82,-14.639999,-19.439999
06.507,24.06,-14.94,-19.74
06.547,23.939999,-14.639999,-19.619999
06.588,23.82,-14.46,-20.1
06.608,24.0,-14.34,-20.1
06.647,23.88,-14.04,-20.1
06.688,23.46,-14.46,-20.88
06.708,23.46,-14.219999,-20.58
06.747,23.46,-14.46,-20.58
06.789,23.4,-14.759999,-20.82
06.808,23.519999,-14.88,-20.88
06.847,24.0,-14.88,-19.98
06.888,24.359999,-14.28,-19.56
06.928,23.58,-14.46,-20.58
06.947,23.519999,-14.28,-20.52
06.988,23.76,-14.099999,-20.34
07.008,24.24,-13.74,-20.46
07.048,24.6,-14.04,-20.279999
07.089,24.539999,-13.799999,-19.74
07.128,23.34,-13.92,-19.859999
07.147,23.279999,-14.16,-19.74
07.188,22.619999,-15.12,-19.439999
07.228,22.74,-15.0,-19.32
07.249,22.92,-14.82,-19.32
07.287,23.34,-14.58,-19.8
07.328,23.88,-15.24,-19.5
07.347,23.58,-14.94,-19.92
07.388,23.279999,-14.46,-20.58
07.427,23.039999,-14.4,-20.34
07.448,23.279999,-14.4,-19.8
07.488,23.46,-14.28,-20.4
07.527,23.46,-14.58,-20.34
07.548,23.46,-14.58,-20.039999
07.587,23.699999,-14.759999,-19.68
07.628,23.58,-14.7,-19.439999
07.648,23.939999,-14.219999,-19.56
07.687,23.939999,-14.099999,-20.4
07.727,24.119999,-14.28,-20.52
07.748,24.18,-14.759999,-20.4
07.791,23.46,-14.759999,-20.4
07.830,23.58,-14.82,-19.56
07.848,23.88,-15.0,-19.8
07.887,23.34,-14.58,-20.039999
07.928,23.1,-14.219999,-20.58
07.968,23.46,-13.86,-19.859999
07.989,23.699999,-13.799999,-19.439999
08.027,23.58,-15.36,-19.859999
08.066,23.34,-16.26,-20.22
08.087,23.82,-15.719999,-19.859999
08.127,24.3,-14.4,-19.14
08.167,24.3,-14.219999,-19.199999
08.188,24.42,-14.46,-19.56
08.228,23.88,-14.639999,-20.279999
08.268,23.58,-14.04,-19.619999
08.288,24.06,-14.04,-19.619999
08.327,23.88,-14.58,-19.32
08.370,24.119999,-14.4,-19.02
08.388,23.82,-14.28,-19.26
08.427,23.4,-14.82,-19.32
08.468,23.1,-15.12,-19.98
08.487,23.64,-14.94,-20.22
08.527,24.359999,-14.34,-19.92
08.568,24.0,-13.86,-19.68
08.589,24.06,-13.5,-19.68
08.628,23.279999,-13.679999,-19.619999
08.667,22.859999,-14.759999,-19.38
08.688,23.46,-15.24,-19.439999
08.728,23.88,-15.12,-20.16
08.767,23.82,-14.16,-20.34
08.808,23.34,-14.219999,-19.98
08.828,23.64,-14.58,-19.92
08.868,23.88,-15.12,-19.199999
08.907,24.0,-15.179999,-19.5
08.927,23.939999,-15.48,-19.5
08.966,24.359999,-15.66,-19.859999
09.006,23.88,-16.02,-19.5
09.026,24.3,-15.54,-19.26
09.065,24.0,-15.36,-19.859999
09.107,24.42,-15.96,-20.46
09.126,25.019999,-16.619999,-20.4
09.167,24.66,-16.56,-19.859999
09.208,24.24,-16.8,-19.68
09.228,24.24,-16.859999,-19.98
09.267,24.18,-16.859999,-20.039999
09.307,24.359999,-16.56,-19.92
09.327,25.019999,-16.44,-20.46
09.367,24.96,-16.68,-20.279999
09.408,24.539999,-16.56,-20.279999
09.447,24.66,-16.26,-20.22
09.467,24.42,-16.199999,-20.46
09.507,25.019999,-16.56,-20.279999
09.547,25.08,-17.22,-20.46
09.568,24.66,-16.8,-20.22
09.607,24.66,-15.839999,-20.279999
09.648,25.26,-15.66,-19.92
09.666,25.38,-16.38,-19.619999
09.709,25.26,-16.68,-19.98
09.748,25.08,-16.74,-20.34
09.767,24.84,-16.68,-20.16
09.806,24.84,-16.8,-20.039999
09.846,24.779999,-16.619999,-20.699999
09.866,25.08,-16.74,-20.22
09.906,25.32,-15.9,-19.56
09.947,24.6,-15.48,-19.74
09.966,24.119999,-15.299999,-19.74
10.006,23.76,-14.94,-19.439999
10.047,23.58,-14.04,-19.68
10.085,23.16,-14.7,-19.26
10.106,23.34,-15.059999,-19.26
10.145,23.699999,-15.059999,-19.32
10.186,23.76,-14.219999,-19.26
10.205,23.76,-14.4,-19.02
10.246,23.82,-14.46,-18.779999
10.286,23.76,-14.28,-19.14
10.306,22.92,-14.28,-19.199999
10.346,22.619999,-14.88,-19.32
10.390,22.98,-15.059999,-20.1
10.408,23.519999,-14.58,-20.699999
10.447,23.88,-14.28,-20.58
10.489,23.58,-14.58,-20.16
10.507,23.4,-14.58,-19.859999
10.547,24.3,-14.58,-19.14
10.571,24.779999,-14.34,-19.26
10.608,24.84,-13.86,-19.8
10.648,23.34,-13.86,-19.56
10.687,22.859999,-14.5199995,-19.68
10.709,23.34,-14.34,-20.699999
10.751,23.88,-13.92,-20.34
10.788,24.24,-13.86,-20.34
10.808,23.76,-13.62,-20.16
10.849,22.8,-14.28,-19.98
10.889,23.519999,-13.92,-20.76
10.908,23.88,-13.799999,-21.119999
10.948,23.279999,-13.98,-20.58
10.987,23.22,-14.4,-20.22
11.027,23.34,-14.16,-21.18
11.047,23.22,-14.219999,-20.939999
11.089,22.74,-13.98,-20.46
11.128,22.5,-14.28,-20.939999
11.147,22.02,-14.639999,-21.42
11.188,22.439999,-15.36,-21.72
11.208,22.32,-15.0,-21.72
11.247,22.74,-14.88,-20.76
11.287,22.619999,-14.7,-20.64
11.326,21.9,-14.5199995,-21.119999
11.345,22.56,-14.219999,-20.699999
11.387,23.039999,-14.04,-21.3
11.426,22.439999,-14.099999,-21.72
11.446,22.98,-13.86,-21.539999
11.486,23.64,-13.98,-21.779999
11.526,23.22,-13.74,-21.84
11.546,22.8,-13.86,-21.48
11.588,23.22,-14.16,-20.699999
11.626,23.1,-14.16,-20.939999
11.646,22.619999,-14.219999,-20.52
11.688,22.56,-14.219999,-20.939999
11.726,22.68,-14.46,-21.06
11.747,22.98,-14.58,-20.64
11.786,23.4,-14.219999,-20.82
11.826,23.519999,-15.12,-20.939999
11.866,22.98,-14.759999,-21.3
11.886,22.5,-14.4,-21.06
11.926,22.32,-14.04,-21.18
11.966,22.38,-14.099999,-21.48
11.986,22.38,-14.099999,-21.06
12.025,22.619999,-14.28,-21.3
12.066,22.859999,-14.04,-21.24
12.086,22.859999,-14.16,-21.24
12.125,22.619999,-13.799999,-20.82
12.166,22.98,-13.08,-20.52
12.186,23.1,-13.0199995,-20.58
12.226,22.199999,-13.259999,-21.0
12.265,22.02,-13.259999,-20.16
12.286,22.5,-13.92,-20.34
12.325,22.199999,-14.28,-20.939999
12.365,22.56,-13.86,-21.48
12.385,22.68,-13.62,-21.0
12.425,23.4,-14.04,-20.82
12.466,22.98,-14.16,-20.699999
12.486,22.5,-13.98,-20.76
12.525,22.68,-13.92,-21.48
12.565,23.1,-14.16,-21.3
12.586,23.1,-13.799999,-21.18
12.626,22.74,-14.16,-21.6
12.667,22.98,-14.4,-21.18
12.707,22.8,-13.74,-20.64
12.727,22.8,-13.679999,-20.58
12.766,22.26,-13.62,-21.0
12.805,22.619999,-13.38,-21.06
12.827,22.98,-13.86,-21.0
12.865,22.859999,-14.4,-20.46
12.889,23.16,-14.34,-20.76
12.925,23.4,-14.16,-19.98
12.966,22.859999,-15.12,-19.619999
13.008,22.92,-15.42,-20.34
13.026,22.92,-15.66,-20.46
13.067,22.859999,-15.299999,-21.119999
13.107,22.859999,-14.88,-21.06
13.133,23.039999,-14.7,-20.64
13.165,23.4,-14.639999,-19.859999
13.206,23.4,-14.46,-19.92
13.226,23.22,-14.58,-20.16
13.268,23.039999,-15.36,-20.279999
13.306,22.98,-15.24,-21.0
13.328,22.92,-14.82,-20.82
13.367,22.8,-14.58,-20.76
13.406,22.92,-14.4,-20.279999
13.426,23.1,-14.16,-19.859999
13.468,22.74,-13.679999,-20.699999
13.506,22.56,-13.92,-20.88
13.547,22.439999,-14.58,-20.46
13.568,22.8,-14.82,-20.4
13.606,23.1,-14.7,-19.859999
13.648,22.619999,-14.7,-19.68
13.666,22.68,-13.74,-19.98
13.706,22.26,-14.04,-20.52
13.746,22.38,-14.82,-20.279999
13.766,22.68,-14.639999,-20.699999
13.806,23.279999,-14.5199995,-20.22
13.850,23.46,-14.34,-20.22
13.865,23.519999,-14.34,-20.34
13.906,22.08,-14.7,-20.88
13.948,22.5,-14.759999,-20.52
13.969,23.22,-14.82,-20.52
14.006,23.16,-15.24,-19.56
14.045,23.039999,-15.299999,-20.039999
14.065,23.58,-15.54,-20.34
14.106,24.24,-14.34,-20.699999
14.146,23.82,-14.7,-20.58
14.166,23.699999,-14.94,-20.699999
14.206,23.22,-14.82,-21.119999
14.245,23.22,-15.059999,-21.119999
14.266,23.58,-15.12,-21.0
14.307,23.64,-15.66,-19.68
14.345,23.039999,-15.299999,-19.92
14.387,23.4,-14.639999,-20.279999
14.408,23.4,-14.94,-20.1
14.446,23.22,-14.88,-20.64
14.486,22.92,-14.28,-20.58
14.507,22.8,-13.92,-20.82
14.547,22.859999,-14.58,-19.98
14.588,23.82,-14.46,-19.859999
14.607,23.699999,-14.639999,-20.039999
14.648,23.4,-14.16,-20.64
14.688,23.76,-13.679999,-20.46
14.707,23.4,-13.559999,-20.16
14.747,23.58,-12.9,-19.92
14.787,23.039999,-13.679999,-19.8
14.807,23.039999,-13.98,-20.22
14.846,23.1,-13.62,-20.88
14.886,23.519999,-13.679999,-21.0
14.907,23.519999,-14.219999,-20.699999
14.945,23.279999,-13.259999,-20.699999
14.987,23.58,-13.139999,-20.16
15.006,24.0,-13.259999,-20.279999
15.046,24.48,-13.62,-20.279999
15.092,23.939999,-14.639999,-19.74
15.127,23.1,-14.759999,-19.68
15.146,23.16,-14.4,-19.619999
15.186,24.119999,-13.98,-19.859999
15.230,24.119999,-14.82,-19.8
15.246,23.88,-15.059999,-20.16
15.290,24.24,-15.36,-20.52
15.328,25.199999,-15.66,-20.16
15.348,24.72,-15.78,-19.8
15.386,24.6,-16.02,-20.279999
15.425,24.48,-16.56,-20.58
15.445,23.76,-16.56,-19.92
15.487,24.0,-16.619999,-20.279999
15.526,24.539999,-16.619999,-19.98
15.551,24.539999,-16.38,-19.439999
15.585,23.34,-16.02,-19.08
15.625,22.98,-16.08,-18.84
15.645,23.58,-15.96,-19.32
15.684,24.48,-16.14,-19.02
15.724,23.699999,-15.599999,-19.14
15.745,23.16,-15.42,-19.199999
15.785,23.699999,-15.059999,-18.779999
15.825,24.779999,-15.059999,-19.02
15.864,23.82,-15.719999,-19.8
15.885,23.64,-16.02,-20.52
15.924,23.46,-15.12,-20.279999
15.965,24.06,-15.36,-19.26
15.984,23.82,-15.719999,-19.439999
16.024,23.519999,-16.08,-19.02
16.065,23.46,-15.48,-19.56
16.084,23.46,-15.24,-19.32
16.125,23.58,-14.759999,-19.68
16.164,23.16,-14.219999,-19.38
16.185,23.58,-14.28,-19.14
16.224,23.519999,-14.639999,-18.42
16.264,22.92,-14.34,-18.96
16.285,23.16,-14.759999,-19.8
16.324,23.34,-14.58,-19.439999
16.365,23.34,-14.4,-18.84
16.384,22.859999,-14.5199995,-19.199999
16.425,23.16,-14.94,-20.1
16.464,23.34,-15.12,-19.56
16.485,23.46,-15.12,-18.779999
16.524,22.859999,-14.94,-19.14
16.564,22.619999,-14.82,-19.8
16.584,22.68,-14.34,-19.619999
16.625,23.22,-14.34,-19.74
16.665,23.58,-14.4,-19.56
16.685,23.519999,-14.5199995,-19.5
16.724,22.56,-15.12,-18.84
16.764,22.92,-15.24,-19.08
16.804,23.519999,-14.7,-19.8
16.825,23.16,-14.5199995,-20.34
16.865,22.56,-13.62,-20.76
16.905,22.439999,-13.559999,-20.039999
16.925,22.619999,-14.04,-19.68
16.966,22.98,-14.34,-19.92
17.005,23.22,-14.099999,-20.1
17.026,23.279999,-13.92,-20.34
17.066,23.58,-14.219999,-20.46
17.106,22.98,-13.98,-20.4
17.125,23.34,-13.5,-20.46
17.165,23.16,-12.599999,-20.64
17.206,23.22,-13.62,-20.16
17.225,23.22,-14.16,-20.039999
17.266,22.98,-13.62,-20.16
17.306,22.859999,-13.799999,-20.64
17.326,22.98,-14.099999,-20.64
17.365,23.1,-14.34,-20.34
17.405,23.4,-13.679999,-19.98
17.425,23.4,-13.44,-19.92
17.466,23.82,-13.92,-20.279999
17.506,22.92,-14.34,-19.68
17.526,22.32,-13.92,-19.98
17.567,22.32,-13.679999,-20.22
17.606,22.439999,-13.679999,-20.76
17.626,22.98,-13.86,-20.52
17.667,23.58,-14.099999,-20.279999
17.706,23.519999,-13.38,-20.699999
17.746,23.64,-13.2,-20.82
17.766,23.64,-13.38,-20.76
17.807,22.68,-14.16,-21.119999
17.846,22.8,-14.639999,-21.0
17.867,23.58,-13.98,-20.58
17.905,23.64,-13.559999,-20.1
17.946,23.4,-13.679999,-20.52
17.966,23.64,-13.38,-20.58
18.006,24.0,-13.38,-20.16
18.046,24.42,-13.679999,-20.34
18.066,23.82,-13.44,-20.82
18.106,24.0,-13.139999,-20.699999
18.146,23.58,-13.259999,-19.68
18.166,23.1,-12.96,-19.68
18.206,23.16,-12.3,-19.38
18.263,22.68,-12.96,-19.68
18.265,22.5,-13.38,-19.92
18.305,22.02,-13.62,-19.38
18.345,22.56,-13.38,-18.3
18.365,22.619999,-13.799999,-18.359999
18.406,22.619999,-14.099999,-19.32
18.445,23.1,-14.28,-20.22
18.466,23.1,-14.28,-20.16
18.506,23.58,-14.639999,-20.039999
18.546,23.519999,-14.58,-19.92
18.586,24.0,-14.16,-20.46
18.606,23.82,-14.28,-20.58
18.646,23.82,-13.86,-19.92
18.685,23.46,-13.32,-19.8
18.706,23.1,-13.559999,-20.039999
18.747,23.22,-13.38,-19.56
18.785,23.939999,-13.679999,-19.92
18.806,24.3,-14.16,-20.64
18.846,24.359999,-14.04,-20.64
18.886,24.42,-14.219999,-21.18
18.906,23.88,-14.16,-21.359999
18.946,23.88,-13.92,-20.58
18.986,25.019999,-13.98,-20.1
19.007,24.96,-14.099999,-20.279999
19.046,24.72,-13.86,-20.699999
19.088,24.18,-13.559999,-20.88
19.106,24.6,-13.2,-20.52
19.146,23.699999,-13.32,-20.88
19.186,22.68,-13.86,-21.24
19.208,23.16,-13.74,-21.24
19.247,23.82,-13.74,-21.539999
19.287,23.64,-13.08,-21.3
19.309,23.16,-12.96,-21.359999
19.346,23.4,-13.259999,-22.32
19.386,22.5,-13.32,-22.92
19.409,21.9,-13.5,-22.859999
19.446,21.48,-13.559999,-22.14
19.489,21.779999,-13.86,-21.9
19.528,22.199999,-13.62,-21.84
19.546,22.08,-13.5,-22.619999
19.586,21.6,-13.5,-22.859999
19.626,21.6,-13.679999,-22.38
19.645,21.24,-13.38,-22.32
19.685,20.939999,-12.84,-21.359999
19.728,21.119999,-12.12,-20.52
19.745,21.119999,-11.94,-19.92
19.785,19.98,-12.66,-21.119999
19.825,19.5,-14.04,-21.66
19.845,19.74,-14.16,-21.24
19.885,19.38,-14.46,-21.06
19.926,19.439999,-14.04,-21.6
19.945,19.56,-13.44,-21.6
19.998,19.199999,-13.559999,-21.3
20.025,19.74,-14.219999,-21.66
20.045,19.5,-13.86,-21.48
20.087,18.72,-13.62,-21.18
20.125,18.3,-13.98,-21.359999
20.165,16.8,-14.58,-22.14
20.185,16.199999,-14.82,-22.439999
20.225,15.36,-14.639999,-22.74
20.265,14.759999,-14.099999,-21.48
20.285,14.34,-14.16,-20.82
20.325,14.16,-14.219999,-21.84
20.365,14.28,-14.219999,-22.26
20.387,14.46,-14.46,-21.96
20.425,13.679999,-14.94,-22.14
20.465,13.38,-15.42,-21.6
20.485,13.559999,-15.42,-21.42
20.525,14.58,-15.179999,-20.76
20.566,14.82,-15.36,-20.52
20.585,15.0,-15.66,-20.939999
20.625,14.46,-15.78,-21.24
20.665,14.4,-15.9,-20.699999
20.686,15.179999,-15.48,-20.279999
20.725,15.12,-15.0,-20.4
20.765,14.639999,-15.299999,-20.64
20.785,15.299999,-15.12,-20.699999
20.825,15.96,-14.34,-20.82
20.865,15.599999,-13.98,-21.06
20.885,16.14,-13.559999,-21.3
20.925,17.1,-13.08,-21.48
20.965,17.82,-12.059999,-22.02
20.986,17.699999,-12.0,-21.9
21.025,17.76,-12.24,-21.96
21.066,17.82,-11.88,-21.3
21.106,18.6,-11.88,-20.939999
21.125,19.439999,-11.82,-20.939999
21.166,19.619999,-11.58,-21.779999
21.205,18.72,-12.42,-22.859999
21.225,18.84,-12.48,-22.8
21.266,19.38,-12.179999,-22.56
21.306,19.68,-12.36,-22.02
21.325,19.619999,-12.54,-22.02
21.365,19.38,-12.66,-22.14
21.407,19.32,-12.36,-22.68
21.425,19.5,-12.78,-22.38
21.465,19.56,-13.0199995,-22.68
21.506,19.92,-12.719999,-22.619999
21.525,19.92,-12.0,-22.619999
21.565,19.74,-12.179999,-22.08
21.605,19.38,-13.0199995,-22.26
21.625,19.92,-12.9,-22.38
21.666,19.619999,-12.9,-22.5
21.705,18.48,-13.62,-22.74
21.725,18.119999,-13.92,-22.38
21.766,17.46,-13.5,-22.38
21.805,17.64,-13.679999,-22.08
21.845,17.34,-14.4,-21.9
21.866,17.58,-14.82,-22.5
21.906,17.94,-16.02,-23.46
21.946,17.22,-16.56,-22.619999
21.966,16.74,-16.02,-22.439999
22.007,16.5,-15.54,-21.48
22.045,15.599999,-16.26,-21.48
22.068,15.059999,-16.92,-21.119999
22.105,14.82,-17.279999,-21.66
22.146,15.059999,-17.22,-22.14
22.166,14.58,-17.4,-22.439999
22.207,14.4,-17.699999,-22.8
22.246,14.639999,-18.539999,-21.84
22.266,15.179999,-18.72,-21.66
22.306,15.24,-18.539999,-21.18
22.330,15.0,-18.06,-21.66
22.365,14.7,-17.46,-21.6
22.405,14.219999,-17.1,-21.6
22.445,14.34,-17.279999,-21.42
22.465,14.94,-17.22,-20.52
22.504,14.28,-18.24,-21.0
22.545,13.98,-18.24,-21.359999
22.565,13.92,-17.76,-21.24
22.607,14.4,-17.1,-21.3
22.645,15.48,-17.64,-21.779999
22.685,16.199999,-17.4,-21.779999
22.705,16.44,-16.92,-21.42
22.745,16.92,-15.36,-21.3
22.786,17.4,-15.059999,-21.18
22.805,17.58,-15.719999,-20.939999
22.845,18.84,-15.059999,-20.64
22.885,19.74,-14.7,-20.88
22.905,20.1,-14.4,-21.24
22.945,20.34,-14.34,-21.72
22.985,20.64,-14.4,-21.48
23.005,20.58,-14.16,-21.3
23.046,20.279999,-14.16,-20.64
23.086,20.279999,-14.639999,-20.76
23.105,20.46,-14.46,-20.76
23.146,20.58,-15.12,-20.64
23.185,20.939999,-15.96,-20.939999
23.205,20.699999,-15.719999,-21.0
23.261,20.58,-14.5199995,-21.66
23.285,21.0,-13.74,-21.779999
23.305,20.699999,-13.679999,-21.539999
23.346,20.58,-14.58,-21.84
23.387,20.22,-14.7,-21.6
23.405,20.52,-14.639999,-21.48
23.445,20.039999,-14.219999,-21.779999
23.485,20.1,-14.94,-21.42
23.525,20.58,-15.66,-21.48
23.545,20.76,-15.54,-21.9
23.584,20.16,-14.099999,-21.9
23.625,19.439999,-13.2,-21.06
23.645,18.779999,-13.32,-20.82
23.685,19.199999,-14.099999,-20.22
23.725,20.4,-13.98,-20.46
23.745,20.52,-13.74,-21.0
23.785,20.039999,-14.16,-21.359999
23.824,19.98,-15.12,-21.24
23.844,20.1,-14.94,-21.119999
23.885,20.52,-14.759999,-21.48
23.925,20.039999,-15.42,-22.5
23.945,19.5,-15.66,-22.26
23.985,19.619999,-16.08,-21.779999
24.025,19.38,-16.56,-20.699999
24.045,19.32,-16.68,-20.64
24.084,19.8,-15.78,-20.699999
24.124,19.439999,-15.78,-20.76
24.145,18.72,-16.14,-20.279999
24.185,18.24,-15.9,-21.119999
24.225,18.72,-16.26,-21.18
24.245,18.42,-16.02,-21.24
24.286,19.14,-15.839999,-21.24
24.324,19.38,-15.24,-21.06
24.364,18.779999,-15.54,-21.0
24.385,18.779999,-15.599999,-21.18
24.425,18.72,-15.36,-22.02
24.465,19.14,-15.36,-22.08
24.485,18.96,-15.66,-21.84
24.525,17.76,-16.859999,-20.939999
24.566,16.92,-17.64,-20.58
24.585,17.039999,-17.34,-20.82
24.624,17.1,-17.52,-20.16
24.664,17.22,-17.22,-20.88
24.685,17.52,-16.5,-21.119999
24.725,17.34,-16.08,-21.359999
24.765,18.0,-16.5,-21.539999
24.785,18.0,-16.56,-21.0
24.825,18.48,-16.619999,-20.82
24.866,19.08,-15.9,-20.46
24.885,18.66,-15.599999,-20.4
24.924,19.02,-14.94,-20.699999
24.966,19.26,-14.82,-21.539999
24.985,19.439999,-14.94,-21.48
25.024,20.34,-14.94,-21.359999
25.065,20.279999,-14.58,-22.14
25.085,20.46,-14.28,-22.439999
25.125,20.64,-13.92,-22.199999
25.165,20.279999,-14.219999,-22.02
25.205,19.92,-14.88,-21.66
25.224,19.74,-14.7,-21.72
25.265,20.699999,-14.46,-21.18
25.305,21.84,-14.58,-21.06
25.324,21.9,-14.4,-21.359999
25.365,20.64,-14.04,-21.3
25.405,19.98,-14.639999,-21.9
25.425,20.279999,-14.34,-22.38
25.466,21.06,-14.82,-22.439999
25.507,21.18,-14.639999,-22.02
25.526,21.18,-14.58,-22.02
25.565,21.3,-14.759999,-22.08
25.606,20.22,-14.5199995,-21.48
25.625,20.16,-13.92,-21.359999
25.665,19.92,-13.86,-21.6
25.704,20.22,-14.639999,-22.08
25.727,20.46,-14.28,-22.08
25.766,20.4,-14.16,-22.02
25.807,19.74,-14.28,-21.48
25.825,20.16,-14.639999,-21.359999
25.866,20.82,-15.0,-21.18
25.906,20.279999,-14.219999,-21.42
25.927,20.4,-13.98,-21.42
25.966,19.5,-14.58,-21.359999
26.005,19.619999,-14.099999,-21.24
26.046,19.74,-13.44,-21.539999
26.066,19.8,-13.679999,-21.9
26.106,19.619999,-13.679999,-22.08
26.130,20.039999,-13.86,-21.3
26.167,19.98,-14.16,-20.699999
26.206,19.68,-13.74,-21.359999
26.245,19.619999,-13.44,-21.84
26.267,19.619999,-13.259999,-21.72
26.305,20.699999,-13.799999,-21.84
26.329,20.88,-14.82,-21.84
26.366,20.279999,-15.24,-21.359999
26.406,20.64,-14.5199995,-21.779999
26.446,20.22,-14.28,-22.56
26.466,19.859999,-14.219999,-22.32
26.507,19.98,-14.04,-22.38
26.548,20.22,-14.5199995,-21.72
26.569,20.16,-14.94,-21.9
26.606,19.74,-14.16,-21.119999
26.646,19.26,-14.099999,-21.84
26.667,19.74,-14.34,-21.48
26.706,19.38,-14.46,-22.08
26.745,20.1,-13.74,-22.08
26.766,20.16,-13.62,-21.539999
26.805,19.98,-14.34,-21.06
27.169,19.439999,-14.7,-20.46
27.204,19.199999,-13.62,-19.56
27.244,19.74,-13.679999,-20.52
27.284,19.8,-13.0199995,-20.4
27.304,19.8,-13.259999,-20.039999
27.344,20.34,-13.679999,-19.8
27.385,20.82,-14.099999,-19.74
27.405,20.699999,-13.92,-19.92
27.445,19.92,-13.86,-19.5
27.485,18.779999,-14.34,-19.08
27.505,18.84,-13.92,-19.38
27.545,20.22,-12.3,-20.64
27.585,20.58,-10.5,-21.48
27.606,20.939999,-9.54,-21.779999
27.645,20.64,-9.36,-21.119999
27.685,20.46,-9.84,-19.68
27.725,21.0,-9.48,-19.68
27.746,21.0,-9.42,-19.56
27.785,21.42,-10.08,-19.5
27.807,21.3,-10.559999,-19.5
27.846,21.539999,-11.219999,-20.4
27.888,21.96,-11.219999,-19.92
27.926,22.14,-10.86,-19.68
27.946,22.439999,-10.44,-19.26
27.986,22.859999,-9.66,-18.6
28.027,22.32,-9.84,-19.08
28.050,22.14,-9.719999,-19.32
28.088,20.82,-9.599999,-19.32
28.114,20.279999,-9.54,-19.02
28.146,20.34,-8.94,-19.26
28.187,20.88,-7.3199997,-20.58
28.227,21.539999,-6.54,-20.88
28.247,22.02,-6.72,-20.88
28.286,22.08,-6.7799997,-21.119999
28.326,21.539999,-6.18,-21.18
28.346,21.42,-5.7599998,-20.82
28.389,21.119999,-4.98,-20.4
28.427,21.0,-4.8599997,-20.46
28.446,21.42,-4.98,-20.64
28.486,21.539999,-5.46,-20.52
28.528,21.359999,-5.8799996,-20.52
28.546,21.539999,-5.46,-20.82
28.586,21.72,-5.16,-21.06
28.626,21.48,-5.16,-21.779999
28.647,21.24,-4.8599997,-22.02
28.686,21.84,-4.7999997,-21.9
28.727,22.14,-6.42,-22.92
28.766,21.84,-7.44,-22.8
28.787,21.779999,-7.44,-21.84
28.826,21.779999,-6.48,-21.6
28.867,21.539999,-6.6,-21.66
28.886,21.72,-6.8399997,-21.42
28.926,21.66,-6.8399997,-21.84
28.966,21.72,-6.2999997,-21.84
28.986,21.84,-5.8799996,-22.02
29.026,21.84,-5.7,-22.5
29.066,21.359999,-6.12,-22.26
29.086,21.539999,-6.06,-22.5
29.125,21.84,-6.12,-21.9
29.165,22.02,-6.12,-21.18
29.186,22.26,-6.06,-21.42
29.225,22.5,-6.0,-22.38
29.266,22.02,-5.94,-22.26
29.286,22.439999,-5.94,-21.96
29.326,22.02,-6.24,-22.08
29.365,22.14,-6.72,-22.26
29.387,22.56,-6.42,-21.9
29.425,22.92,-5.8199997,-21.72
29.466,22.56,-6.0,-21.9
29.506,21.84,-6.2999997,-21.84
29.525,21.96,-5.7599998,-21.6
29.566,21.3,-4.92,-22.26
29.605,21.24,-4.68,-22.199999
29.626,21.0,-5.16,-21.779999
29.666,21.48,-4.92,-22.38
29.706,21.18,-4.68,-22.02
29.725,20.52,-4.56,-21.48
29.765,20.88,-4.56,-21.84
29.806,21.66,-4.56,-22.38
29.827,21.66,-4.7999997,-22.08
29.866,22.32,-4.8599997,-21.779999
29.906,21.84,-5.16,-21.48
29.927,21.48,-5.1,-21.3
29.966,21.48,-5.22,-21.539999
30.014,21.6,-5.16,-21.84
30.026,21.06,-4.98,-21.66
30.066,20.88,-4.74,-21.9
30.106,21.66,-4.98,-22.199999
30.125,21.66,-5.4,-22.56
30.166,21.359999,-5.04,-21.9
30.205,21.6,-4.56,-21.84
30.226,21.9,-5.04,-21.72
30.266,21.779999,-5.22,-21.9
30.305,21.42,-4.44,-22.32
30.346,21.539999,-4.3199997,-21.72
30.365,21.42,-5.04,-21.6
30.406,21.359999,-5.58,-21.3
30.445,21.48,-5.8199997,-21.48
30.466,20.939999,-6.06,-21.84
30.505,21.06,-5.8799996,-21.779999
30.546,21.119999,-5.94,-21.3
30.565,21.18,-6.24,-21.96
30.605,22.38,-6.18,-23.4
30.646,22.8,-6.7799997,-22.199999
30.665,22.74,-6.8399997,-21.84
30.706,22.08,-6.96,-21.359999
30.745,22.14,-6.48,-21.42
30.767,21.539999,-6.12,-21.66
30.806,21.3,-6.06,-21.6
30.845,21.84,-5.8799996,-21.66
30.865,21.539999,-5.8199997,-21.9
30.905,21.779999,-5.8199997,-22.08
30.946,21.66,-5.8199997,-22.02
30.965,21.96,-5.52,-22.439999
31.006,22.14,-5.8799996,-23.1
31.046,22.619999,-6.12,-23.22
31.066,22.619999,-6.2999997,-22.08
31.106,22.56,-6.48,-22.5
31.146,22.02,-6.6,-22.439999
31.186,22.8,-6.42,-21.6
31.205,22.8,-6.12,-21.3
31.246,22.26,-5.46,-21.72
31.286,20.939999,-5.52,-22.68
31.306,21.779999,-5.7,-22.68
31.346,21.72,-5.64,-22.5
31.386,21.6,-5.22,-22.56
31.405,21.779999,-5.22,-22.92
31.446,22.02,-5.64,-22.8
31.486,22.5,-5.7,-22.26
31.505,22.56,-5.52,-22.26
31.546,21.48,-4.8599997,-22.38
31.587,21.72,-4.68,-22.199999
31.606,21.66,-4.3199997,-22.859999
31.645,21.9,-4.56,-22.98
31.685,21.48,-4.68,-22.56
31.705,21.06,-3.8999999,-22.26
31.745,21.42,-4.3199997,-21.9
31.786,22.56,-4.5,-22.32
31.805,22.56,-4.08,-22.14
31.846,21.66,-4.44,-21.6
31.885,21.66,-4.02,-21.779999
31.906,21.539999,-3.72,-22.02
31.945,22.02,-4.44,-22.74
31.986,21.539999,-4.02,-23.1
32.027,21.06,-3.78,-22.32
32.045,21.539999,-4.2,-21.66
32.087,21.06,-4.62,-21.66
32.125,21.0,-4.44,-22.02
32.148,21.3,-3.78,-22.38
32.186,21.3,-3.72,-22.8
32.225,21.119999,-3.3,-22.26
32.245,20.76,-3.0,-21.48
32.285,20.4,-3.36,-20.64
32.326,20.4,-4.08,-21.0
32.346,21.06,-3.8999999,-21.6
32.387,20.939999,-3.06,-21.9
32.426,20.22,-2.52,-21.9
32.446,19.8,-2.52,-21.72
32.486,19.98,-3.36,-21.779999
32.526,19.8,-4.3199997,-21.06
32.546,20.1,-4.02,-21.3
32.588,20.34,-3.84,-22.439999
32.626,20.76,-4.14,-22.8
32.648,20.46,-4.14,-22.74
32.687,20.22,-4.2,-22.14
32.725,20.4,-4.44,-21.119999
32.746,20.82,-4.56,-21.359999
32.785,21.24,-4.68,-21.72
32.825,20.939999,-4.62,-22.32
32.865,20.699999,-4.02,-22.38
32.886,20.88,-3.8999999,-22.02
32.929,20.34,-4.8599997,-22.08
32.965,20.039999,-4.68,-21.96
32.986,20.279999,-4.5,-22.26
33.027,19.619999,-4.14,-21.96
33.048,19.38,-4.44,-21.779999
33.086,20.52,-4.3199997,-21.66
33.126,21.18,-5.16,-22.02
33.165,20.939999,-5.22,-21.779999
33.185,20.88,-4.7999997,-22.02
33.227,20.52,-4.38,-21.6
33.265,20.699999,-3.9599998,-22.38
33.286,20.4,-3.8999999,-22.56
33.326,20.4,-4.08,-21.779999
33.369,20.52,-3.54,-21.359999
33.385,20.279999,-4.08,-21.84
33.427,19.98,-4.02,-21.539999
33.466,20.16,-4.38,-21.6
33.486,20.039999,-5.16,-21.66
33.526,20.22,-5.4,-21.06
33.565,21.539999,-5.04,-21.3
33.586,21.42,-4.62,-21.359999
33.625,21.539999,-3.6599998,-21.72
33.669,20.939999,-4.68,-21.18
33.707,20.52,-5.52,-21.66
33.727,20.52,-5.2799997,-21.96
34.422,21.48,-4.74,-22.199999
34.426,22.439999,-4.38,-22.439999
34.466,21.66,-4.92,-22.619999
34.506,20.699999,-4.44,-21.48
34.547,21.0,-3.8999999,-21.539999
34.566,21.3,-3.9599998,-21.66
34.609,21.119999,-4.62,-20.58
34.628,21.18,-4.98,-19.92
34.667,21.48,-4.7999997,-20.4
34.706,20.88,-4.2599998,-21.48
34.729,20.64,-4.2599998,-21.72
34.768,20.58,-3.72,-21.18
34.807,21.18,-2.82,-21.3
34.848,21.6,-3.1799998,-20.88
34.869,21.66,-3.6599998,-20.82
34.907,21.24,-4.74,-20.88
34.947,20.939999,-3.8999999,-21.42
34.967,20.699999,-3.48,-21.84
35.008,21.119999,-3.4199998,-21.66
35.048,21.119999,-4.3199997,-21.48
35.066,20.939999,-4.38,-21.119999
35.106,21.3,-4.02,-21.539999
35.147,21.119999,-4.38,-21.9
35.167,20.939999,-4.02,-21.9
35.209,20.58,-3.8999999,-21.779999
35.246,20.699999,-3.72,-21.119999
35.267,21.119999,-3.84,-21.06
35.311,21.18,-3.54,-20.939999
35.346,21.42,-3.54,-20.34
35.389,20.52,-2.8799999,-20.699999
35.410,20.039999,-2.76,-21.119999
35.447,20.4,-3.48,-22.32
35.493,21.72,-5.1,-21.84
35.507,22.68,-5.52,-21.42
35.547,22.68,-5.3399997,-21.539999
35.568,22.68,-5.16,-21.539999
35.607,21.9,-5.4,-21.6
35.646,22.619999,-5.16,-21.72
35.688,22.199999,-5.2799997,-21.119999
35.707,21.6,-5.4,-21.48
35.749,21.72,-5.04,-22.02
35.770,21.72,-5.2799997,-21.6
35.808,22.199999,-5.3399997,-21.6
35.847,21.84,-4.62,-21.6
35.887,22.199999,-4.68,-21.48
35.907,22.8,-4.68,-21.42
35.947,21.72,-4.44,-22.26
35.987,21.72,-5.16,-22.08
36.007,22.32,-4.56,-22.38
36.046,21.779999,-5.22,-22.5
36.092,21.66,-5.58,-22.32
36.107,21.0,-5.8199997,-22.02
36.148,21.06,-5.4,-22.68
36.188,21.48,-4.68,-22.74
36.210,21.66,-5.4,-22.14
36.246,21.48,-5.8199997,-22.08
36.286,20.82,-5.7599998,-22.619999
36.326,20.1,-5.46,-22.08
36.346,20.76,-5.1,-22.26
36.386,20.82,-5.1,-22.74
36.428,20.1,-5.1,-22.38
36.446,20.279999,-4.3199997,-22.14
36.486,20.76,-4.2,-22.199999
36.526,21.0,-4.62,-22.98
36.546,21.0,-4.14,-22.859999
36.587,21.42,-4.14,-21.84
36.626,21.0,-5.04,-21.72
36.665,20.58,-5.1,-22.08
36.686,20.76,-5.22,-22.32
36.727,21.18,-5.1,-21.18
36.746,20.88,-5.04,-21.3
36.786,20.699999,-5.46,-22.26
36.826,21.0,-5.2799997,-22.98
36.846,21.539999,-5.58,-23.1
36.886,21.779999,-5.1,-22.439999
36.926,21.359999,-5.04,-21.6
36.946,21.18,-5.7,-21.24
36.987,20.82,-5.7599998,-21.779999
37.026,20.699999,-6.18,-22.439999
37.048,21.06,-6.24,-22.26
37.086,21.24,-6.12,-21.96
37.128,21.18,-5.22,-22.32
37.166,21.96,-5.4,-22.38
37.187,22.199999,-5.64,-22.02
37.226,21.9,-5.16,-21.9
37.266,21.779999,-5.2799997,-22.32
37.286,21.84,-5.58,-22.32
37.327,22.08,-5.64,-22.56
37.366,21.0,-4.7999997,-21.96
37.386,20.939999,-4.5,-21.6
37.426,20.939999,-4.8599997,-22.859999
37.467,21.359999,-5.64,-23.58
37.487,21.84,-5.58,-23.46
37.526,21.84,-4.8599997,-22.56
37.566,21.42,-5.1,-22.439999
37.586,21.3,-5.3399997,-22.32
37.626,21.48,-6.18,-21.96
37.667,21.6,-6.06,-22.92
37.686,21.359999,-5.22,-23.039999
37.726,20.939999,-5.94,-23.34
37.766,20.939999,-6.2999997,-23.4
37.786,21.6,-5.7,-23.58
37.827,21.3,-6.06,-23.519999
37.867,21.24,-5.46,-22.859999
37.909,21.48,-6.12,-22.619999
37.926,21.779999,-6.06,-22.8
37.967,22.08,-6.06,-22.68
37.988,22.08,-5.4,-22.38
38.027,22.02,-5.64,-22.8
38.067,22.08,-5.7,-23.519999
38.090,21.96,-6.06,-23.64
38.126,22.14,-6.0,-23.1
38.167,21.779999,-5.64,-22.199999
38.206,20.939999,-4.92,-22.92
38.226,20.76,-5.04,-22.5
38.266,21.84,-4.5,-23.16
38.307,21.96,-4.74,-23.279999
38.326,22.02,-4.98,-23.82
38.366,21.539999,-5.2799997,-23.58
38.406,21.96,-4.98,-23.46
38.427,22.14,-4.8599997,-23.279999
38.466,22.14,-4.74,-22.98
38.506,21.779999,-5.22,-23.16
38.527,21.24,-4.8599997,-23.22
38.569,21.779999,-4.56,-23.16
38.607,21.96,-5.04,-22.14
38.628,21.539999,-4.92,-22.56
38.668,21.779999,-6.18,-22.26
38.706,21.84,-6.0,-22.92
38.729,21.48,-5.8199997,-23.1
38.767,21.48,-5.22,-22.439999
38.807,21.84,-5.2799997,-22.8
38.828,21.48,-5.2799997,-22.8
38.867,21.539999,-5.04,-22.74
38.907,22.02,-5.22,-22.92
38.928,22.199999,-5.52,-22.8
38.968,21.72,-5.16,-22.32
39.008,21.84,-5.22,-23.039999
39.049,21.84,-5.22,-23.4
39.067,21.9,-5.2799997,-23.1
39.109,21.72,-5.1,-22.98
39.148,21.66,-5.2799997,-23.46
39.169,21.72,-5.58,-23.279999
39.210,21.72,-5.64,-22.68
39.232,21.539999,-5.22,-22.74
39.268,21.539999,-4.98,-23.279999
39.308,21.42,-4.98,-23.34
39.350,21.42,-4.92,-23.519999
39.367,21.9,-4.8599997,-23.279999
39.407,22.74,-4.56,-22.68
39.448,21.72,-4.98,-22.74
39.468,21.66,-5.4,-23.16
39.507,21.539999,-5.64,-23.1
39.547,21.96,-5.64,-22.8
39.568,21.9,-5.46,-22.74
39.607,21.66,-5.46,-23.039999
39.649,21.72,-4.68,-23.279999
39.669,21.48,-4.98,-23.34
39.709,21.9,-4.98,-23.16
39.747,22.32,-4.7999997,-22.8
39.769,22.02,-5.22,-22.859999
39.807,22.32,-5.7,-23.16
39.848,22.02,-5.16,-23.88
39.869,21.779999,-5.04,-24.06
39.909,21.66,-4.98,-23.58
39.947,21.66,-5.3399997,-23.34
39.988,21.539999,-5.7,-23.22
40.008,22.08,-5.52,-23.1
40.047,21.9,-5.04,-23.64
40.089,21.48,-4.8599997,-23.46
40.111,21.18,-5.3399997,-23.279999
40.147,21.72,-6.24,-22.8
40.187,22.199999,-6.06,-23.4
40.207,21.9,-5.64,-23.82
40.248,22.26,-5.3399997,-24.66
40.287,22.32,-5.4,-23.82
40.308,21.96,-5.4,-23.58
40.348,21.42,-5.8799996,-22.859999
40.391,20.82,-6.06,-23.279999
40.407,21.0,-6.06,-23.519999
40.449,21.119999,-7.02,-22.5
40.488,20.88,-7.3799996,-22.439999
40.508,20.22,-6.8399997,-23.22
40.547,19.859999,-7.14,-23.939999
40.587,20.039999,-7.8599997,-23.64
40.608,19.38,-8.22,-23.1
40.648,18.96,-7.9199996,-22.32
40.687,19.08,-7.44,-22.439999
40.709,19.02,-7.14,-22.8
40.748,19.68,-7.9199996,-22.859999
40.789,19.68,-9.059999,-23.4
40.827,18.84,-9.48,-23.1
40.848,18.66,-9.059999,-22.74
40.887,19.32,-8.5199995,-22.74
40.927,19.199999,-8.76,-22.92
40.947,19.14,-9.059999,-23.34
40.987,19.14,-8.5199995,-23.039999
41.027,18.779999,-8.04,-22.98
41.046,18.119999,-8.16,-22.8
41.088,18.9,-8.639999,-23.22
41.126,19.08,-8.46,-22.74
41.147,19.14,-8.22,-22.619999
41.186,19.5,-7.5,-22.5
41.226,19.439999,-7.3799996,-22.98
41.266,18.9,-7.2,-22.74
41.286,18.6,-7.02,-22.98
41.326,18.6,-6.7799997,-22.38
41.366,19.38,-6.8999996,-21.9
41.387,19.38,-7.02,-22.08
41.426,19.619999,-7.02,-22.74
41.467,20.279999,-7.08,-23.039999
41.487,20.34,-6.8399997,-22.619999
41.527,20.58,-7.3199997,-22.74
41.567,19.439999,-7.2599998,-22.8
41.587,19.619999,-7.14,-22.56
41.628,19.98,-7.3199997,-23.64
41.667,19.859999,-6.72,-24.359999
41.687,20.039999,-6.7799997,-23.82
41.727,19.199999,-6.66,-23.039999
41.766,19.619999,-6.8999996,-23.34
41.787,19.38,-6.8999996,-22.8
41.828,20.039999,-7.2,-22.74
41.867,20.34,-7.2,-22.98
41.887,20.52,-7.08,-22.5
41.928,20.279999,-7.08,-23.519999
41.968,20.46,-7.2,-23.58
41.987,20.279999,-6.96,-23.039999
42.028,20.34,-6.96,-23.519999
42.067,20.52,-7.02,-23.82
42.087,20.64,-7.44,-23.34
42.127,20.34,-6.72,-23.1
42.167,20.16,-5.94,-23.22
42.209,19.859999,-6.48,-23.279999
42.230,20.039999,-6.72,-23.4
42.269,19.56,-6.8999996,-23.58
42.289,20.34,-6.8999996,-23.699999
42.328,20.52,-7.08,-23.4
42.369,20.82,-6.7799997,-23.699999
42.389,20.88,-6.7799997,-23.939999
42.429,20.82,-7.14,-23.34
42.469,20.52,-6.7799997,-22.859999
42.490,20.52,-6.72,-22.38
42.529,20.039999,-5.94,-22.74
42.568,20.76,-6.42,-23.279999
42.609,20.88,-6.2999997,-23.82
42.629,20.699999,-6.06,-23.939999
42.666,20.1,-6.6,-24.0
42.708,20.1,-6.42,-23.64
42.728,20.039999,-6.42,-23.58
42.767,18.84,-7.02,-23.519999
42.807,19.14,-6.96,-23.699999
42.827,19.56,-6.66,-24.18
42.869,20.46,-6.8399997,-24.06
42.909,19.68,-7.3799996,-23.16
42.927,19.439999,-7.3199997,-23.16
42.967,18.6,-7.2,-23.88
43.007,19.98,-7.2599998,-24.119999
43.047,20.76,-6.54,-23.699999
43.070,20.16,-6.3599997,-23.939999
43.117,19.92,-6.06,-23.16
43.130,20.52,-5.8199997,-23.58
43.168,20.82,-5.64,-23.699999
43.206,19.859999,-6.3599997,-23.16
43.247,19.68,-6.66,-22.98
43.267,19.68,-6.3599997,-23.16
43.307,20.76,-6.3599997,-23.82
43.347,20.58,-6.54,-23.279999
43.366,20.64,-5.94,-23.4
43.407,20.76,-6.2999997,-23.039999
43.447,20.58,-6.54,-22.74
43.468,20.4,-6.42,-22.619999
43.507,19.859999,-6.8399997,-22.98
43.547,19.8,-7.08,-22.92
43.566,19.98,-6.8999996,-22.74
43.606,20.76,-6.3599997,-23.16
43.646,20.76,-5.8799996,-23.4
43.667,21.119999,-5.8799996,-23.34
43.706,20.34,-6.18,-22.859999
43.746,20.699999,-6.18,-22.56
43.768,21.0,-6.24,-22.38
43.810,20.76,-6.42,-22.859999
43.848,20.4,-6.3599997,-23.46
43.888,20.82,-6.24,-22.92
43.909,21.119999,-5.7599998,-22.92
43.948,20.58,-6.12,-23.279999
43.968,20.82,-5.94,-23.039999
44.008,20.46,-6.24,-23.46
44.050,20.76,-6.96,-23.519999
44.069,21.0,-6.66,-23.64
44.109,21.119999,-6.66,-23.279999
44.149,20.4,-6.2999997,-23.22
44.186,20.64,-6.24,-23.64
44.208,20.76,-6.8399997,-24.0
44.249,20.039999,-7.56,-24.18
44.288,18.66,-9.84,-23.4
44.309,17.699999,-10.86,-23.4
44.351,17.1,-10.8,-24.9
44.388,17.4,-9.66,-25.32
44.408,17.16,-9.3,-25.439999
44.447,16.5,-9.54,-24.96
44.489,16.32,-10.559999,-24.6
44.509,16.199999,-11.28,-24.66
44.548,16.02,-12.3,-24.119999
44.589,16.56,-12.36,-23.58
44.608,16.74,-12.719999,-23.34
44.649,16.56,-13.559999,-23.4
44.688,16.38,-14.4,-23.1
44.727,16.14,-14.219999,-23.1
44.749,15.66,-13.799999,-23.34
44.790,17.22,-13.92,-23.34
44.827,18.84,-13.799999,-22.26
44.848,18.96,-13.2,-22.32
44.889,19.08,-13.5,-22.14
44.927,19.26,-14.28,-22.5
44.949,18.72,-14.04,-22.68
44.988,18.9,-14.28,-22.56
45.028,17.4,-15.299999,-22.199999
45.050,16.56,-15.839999,-21.96
45.090,15.24,-15.48,-21.66
45.129,13.62,-16.5,-22.56
45.147,13.139999,-17.22,-22.859999
45.188,13.44,-17.34,-21.6
45.228,14.759999,-17.16,-21.48
45.248,15.66,-17.1,-21.779999
45.288,16.859999,-16.26,-21.06
45.327,17.88,-15.96,-20.76
45.349,18.18,-15.66,-20.46
45.390,19.74,-14.88,-19.68
45.428,22.08,-13.679999,-19.56
45.449,22.74,-13.559999,-18.96
45.489,22.8,-13.559999,-18.18
45.530,22.8,-14.34,-17.94
45.549,22.619999,-13.799999,-17.699999
45.590,22.32,-14.759999,-17.34
45.628,22.32,-14.759999,-17.34
45.649,22.14,-14.58,-18.119999
45.688,21.359999,-13.74,-18.66
45.727,21.359999,-12.66,-19.199999
45.769,22.08,-12.0,-20.22
45.789,22.02,-12.179999,-20.039999
45.829,22.859999,-11.28,-21.539999
45.868,22.68,-9.9,-22.5
45.890,23.1,-9.0,-22.08
45.929,22.98,-7.68,-21.84
45.969,23.46,-7.2599998,-21.96
45.989,23.939999,-7.2599998,-21.66
46.029,24.119999,-6.72,-22.26
46.069,22.74,-5.94,-22.92
46.096,22.32,-6.0,-22.619999
46.129,22.439999,-6.54,-22.5
46.170,22.68,-6.2999997,-22.619999
46.190,22.32,-6.24,-22.26
46.229,21.9,-6.8999996,-22.8
46.270,22.08,-7.44,-22.74
46.290,22.199999,-7.62,-22.56
46.330,21.9,-7.44,-22.38
46.370,21.0,-7.98,-22.859999
46.390,21.42,-8.58,-22.439999
46.430,21.42,-9.3,-22.619999
46.469,21.6,-9.059999,-22.32
46.490,22.02,-8.94,-22.32
46.530,22.199999,-8.34,-22.439999
46.570,21.96,-8.16,-22.8
46.590,21.48,-8.4,-22.8
46.632,20.939999,-8.7,-22.74
46.671,21.18,-8.5199995,-22.56
46.690,21.539999,-8.94,-22.5
46.730,21.84,-9.24,-22.56
46.769,22.08,-8.82,-21.9
46.809,21.6,-9.179999,-21.84
46.828,21.779999,-9.54,-22.32
46.869,21.539999,-9.3,-22.619999
46.909,22.02,-8.04,-22.02
46.928,22.14,-8.639999,-21.84
46.969,21.3,-9.3,-21.06
47.008,20.699999,-8.82,-20.039999
47.028,21.3,-8.94,-20.1
47.068,21.539999,-9.12,-20.34
47.107,20.88,-9.3,-20.699999
47.127,20.88,-9.12,-21.119999
47.168,21.0,-9.179999,-21.779999
47.209,21.66,-9.3,-22.02
47.228,22.08,-9.54,-22.14
47.268,22.14,-9.12,-21.9
47.308,21.96,-9.3,-21.06
47.329,21.539999,-9.179999,-22.26
47.368,21.3,-9.24,-22.5
47.408,22.199999,-9.599999,-22.08
47.430,22.199999,-9.719999,-22.08
47.469,22.02,-9.84,-21.9
47.510,21.779999,-9.66,-21.24
47.549,21.66,-9.66,-21.119999
47.568,21.72,-9.599999,-20.64
47.608,22.199999,-9.96,-21.18
47.651,23.16,-10.5,-21.539999
47.670,23.46,-10.38,-21.539999
47.711,22.26,-10.8,-20.939999
47.750,21.84,-10.62,-21.06
47.770,22.32,-10.44,-20.88
47.811,23.039999,-9.599999,-21.119999
47.851,23.039999,-9.599999,-21.0
47.870,22.38,-9.78,-21.119999
47.910,22.26,-10.0199995,-21.48
47.949,22.439999,-10.559999,-21.06
47.971,22.32,-10.44,-21.119999
48.009,22.5,-10.139999,-21.119999
48.051,23.039999,-9.54,-20.939999
48.068,22.98,-9.12,-21.06
48.108,22.439999,-9.599999,-20.82
48.149,22.56,-9.719999,-20.039999
48.170,22.619999,-9.54,-20.52
48.210,23.279999,-9.719999,-20.46
48.249,22.8,-10.2,-20.82
48.270,22.68,-10.2,-21.3
48.310,22.5,-9.78,-21.06
48.350,23.1,-9.54,-21.18
48.390,22.56,-10.26,-21.3
48.410,22.02,-10.2,-20.939999
48.449,23.1,-10.5,-20.22
48.490,23.22,-10.0199995,-20.699999
48.510,22.92,-9.78,-20.76
48.550,21.9,-10.559999,-20.64
48.589,22.199999,-11.28,-20.52
48.610,22.32,-10.92,-21.0
48.650,22.02,-10.5,-20.82
48.691,22.98,-9.84,-20.4
48.711,23.64,-9.96,-20.279999
48.751,23.58,-10.139999,-21.779999
48.789,22.74,-9.9,-21.66
48.808,22.38,-9.9,-21.42
48.849,22.68,-10.26,-21.96
48.890,22.98,-10.139999,-21.359999
48.910,22.439999,-9.96,-21.0
48.950,22.38,-10.139999,-20.82
48.990,23.58,-11.28,-20.46
49.010,24.119999,-11.639999,-20.34
49.049,23.88,-11.58,-20.46
49.090,24.3,-11.5199995,-20.22
49.109,24.3,-11.88,-20.039999
49.148,23.88,-12.36,-20.46
49.189,24.18,-12.24,-20.52
49.230,24.359999,-10.98,-20.4
49.251,24.24,-11.219999,-20.4
49.289,23.699999,-12.179999,-20.279999
49.330,22.98,-12.66,-20.64
49.350,22.92,-12.3,-19.92
49.389,23.699999,-12.3,-20.4
49.429,24.539999,-12.0,-21.3
49.459,24.119999,-12.3,-20.88
49.491,23.82,-12.36,-21.119999
49.529,23.519999,-11.16,-21.359999
49.549,23.82,-11.4,-21.72
49.588,24.0,-11.58,-21.42
49.629,23.82,-11.94,-21.539999
49.648,23.88,-12.54,-21.84
49.689,24.6,-12.719999,-21.539999
49.730,24.0,-12.42,-21.0
49.749,23.279999,-12.059999,-20.82
49.790,23.039999,-11.759999,-21.48
49.830,23.16,-11.759999,-21.6
49.849,22.98,-11.28,-21.42
49.890,21.66,-10.2,-21.539999
49.928,22.199999,-10.98,-21.72
49.950,23.039999,-11.219999,-22.02
49.989,23.1,-10.5,-21.539999
50.030,22.26,-9.54,-21.06
50.068,22.26,-10.08,-21.42
50.088,22.32,-10.26,-21.66
50.128,21.84,-10.74,-21.3
50.169,21.42,-9.96,-20.82
50.189,21.539999,-9.599999,-20.939999
50.234,21.48,-9.179999,-19.98
50.267,21.96,-10.38,-20.16
50.287,21.96,-10.98,-20.039999
50.328,21.72,-10.559999,-19.8
50.368,21.9,-10.679999,-20.76
50.387,22.26,-10.5,-20.46
50.427,22.14,-10.74,-20.46
50.467,23.16,-10.44,-20.64
50.488,22.68,-10.74,-20.46
50.530,22.26,-10.26,-20.64
50.568,22.26,-9.3,-20.88
50.608,22.38,-9.54,-21.539999
50.628,22.439999,-9.96,-21.48
50.668,22.56,-10.26,-20.76
50.689,22.619999,-10.139999,-20.34
50.729,22.68,-10.5,-20.46
50.768,22.5,-10.92,-20.46
50.789,22.74,-10.679999,-20.58
50.831,21.96,-10.32,-20.88
50.869,22.08,-10.74,-20.58
50.908,22.26,-11.099999,-21.119999
50.929,22.56,-10.32,-21.24
50.970,22.02,-9.9,-21.3
51.007,21.96,-10.08,-20.939999
51.029,22.26,-10.08,-20.52
51.069,22.8,-9.78,-20.46
51.109,22.439999,-10.08,-21.18
51.129,22.56,-9.36,-21.3
51.170,21.6,-9.84,-21.42
51.194,21.779999,-9.42,-21.42
51.232,22.38,-9.599999,-20.88
51.270,22.08,-9.54,-20.58
51.309,22.26,-10.0199995,-20.82
51.330,22.32,-10.2,-20.58
51.371,22.5,-10.44,-21.539999
51.411,22.5,-10.44,-21.3
51.434,22.68,-10.0199995,-20.939999
51.470,22.439999,-10.2,-21.359999
51.509,21.96,-10.679999,-21.0
51.530,22.439999,-10.86,-20.88
51.569,22.5,-10.26,-21.0
51.609,22.32,-9.78,-21.3
51.650,22.38,-9.42,-21.24
51.669,22.32,-9.059999,-21.119999
51.709,21.96,-9.599999,-20.88
51.749,22.68,-9.42,-21.06
51.769,22.68,-8.94,-21.119999
51.809,23.279999,-9.48,-20.76
51.849,23.1,-10.62,-20.76
51.871,22.68,-10.559999,-20.88
51.899,22.5,-9.96,-21.24
51.952,22.14,-9.78,-21.119999
51.970,22.199999,-10.08,-21.119999
52.009,22.02,-10.98,-20.82
52.051,22.859999,-10.74,-20.279999
52.069,23.4,-10.5,-20.34
52.111,22.32,-10.08,-21.24
52.135,22.02,-9.9,-21.06
52.170,22.5,-9.84,-20.82
52.210,22.56,-10.2,-20.76
52.252,22.68,-10.139999,-20.699999
52.269,22.8,-10.0199995,-20.4
52.309,22.199999,-9.96,-20.88
52.352,22.26,-10.44,-20.64
52.370,22.439999,-10.44,-19.98
52.409,22.5,-10.32,-20.34
52.450,22.859999,-10.8,-21.779999
52.469,22.92,-10.559999,-21.539999
52.511,23.039999,-9.54,-21.3
52.552,22.74,-9.36,-20.88
52.570,22.8,-9.599999,-20.88
52.609,22.859999,-9.78,-21.06
52.649,22.26,-10.2,-21.539999
52.689,22.02,-10.74,-21.84
52.709,22.08,-10.38,-21.539999
52.749,21.84,-10.0199995,-21.06
52.772,22.859999,-9.66,-20.64
52.811,23.34,-9.599999,-21.24
52.850,22.859999,-9.54,-21.72
52.889,22.98,-9.84,-20.82
52.910,23.039999,-10.139999,-20.16
52.951,22.619999,-10.2,-20.46
52.976,22.619999,-10.2,-19.98
53.009,22.8,-10.38,-20.1
53.051,22.859999,-9.48,-20.939999
53.092,22.859999,-9.24,-20.82
53.110,23.279999,-9.599999,-21.24
53.150,22.74,-9.54,-21.359999
53.192,22.56,-9.42,-21.0
53.211,22.619999,-9.3,-20.52
53.249,22.98,-9.54,-20.1
53.289,22.08,-9.599999,-20.34
53.309,22.199999,-9.48,-20.58
53.348,22.38,-9.179999,-20.22
53.389,22.68,-9.3,-20.46
53.429,21.6,-9.9,-20.279999
53.449,21.539999,-9.42,-20.34
53.492,22.68,-9.719999,-20.039999
53.532,23.64,-10.74,-20.82
53.550,22.98,-10.92,-21.3
53.591,22.8,-10.559999,-21.119999
53.631,22.199999,-10.8,-20.34
53.651,22.32,-10.2,-20.1
53.690,22.68,-10.38,-20.58
53.729,23.22,-10.139999,-20.52
53.751,22.98,-9.719999,-20.46
53.789,22.859999,-9.54,-20.64
53.829,22.56,-9.719999,-20.16
53.850,22.38,-10.08,-20.4
53.889,21.84,-10.8,-20.88
53.929,21.9,-11.099999,-20.699999
53.950,22.199999,-11.219999,-20.64
53.989,22.5,-10.98,-21.0
54.029,22.08,-11.4,-20.939999
54.049,21.84,-11.46,-20.46
54.089,20.88,-11.94,-19.68
54.128,21.0,-12.0,-19.619999
54.149,21.42,-11.94,-19.38
54.188,21.42,-11.82,-19.619999
54.229,20.46,-11.82,-19.619999
54.269,20.4,-11.639999,-19.859999
54.289,20.76,-11.34,-20.699999
54.329,20.88,-10.679999,-20.82
54.369,20.4,-10.74,-20.22
54.390,20.22,-11.34,-20.52
54.429,20.34,-12.059999,-20.1
54.469,20.939999,-11.759999,-20.279999
54.489,21.359999,-11.5199995,-19.98
54.531,21.48,-11.099999,-19.38
54.568,21.539999,-10.44,-20.1
54.590,21.539999,-10.2,-20.939999
54.629,21.539999,-9.96,-21.9
54.669,21.48,-10.0199995,-21.779999
54.689,20.88,-10.5,-21.66
54.728,19.08,-9.719999,-22.26
54.769,16.08,-8.88,-24.18
54.789,13.679999,-9.0,-25.26
54.828,6.0,-7.5,-27.18
54.869,-3.6,-6.12,-27.06
54.889,-7.98,-6.24,-26.039999
54.929,-11.219999,-8.88,-24.6
54.971,-7.68,-11.639999,-25.14
54.989,-5.46,-12.96,-25.98
55.030,-2.22,-12.84,-27.18
55.069,-1.0799999,-11.639999,-28.32
55.112,-0.48,-11.099999,-29.279999
55.131,0.06,-10.38,-29.58
55.168,1.56,-9.42,-29.22
55.209,3.1799998,-9.0,-28.859999
55.230,5.16,-9.0,-29.34
55.268,8.76,-8.16,-28.32
55.309,11.28,-8.28,-27.539999
55.329,12.0,-8.58,-27.539999
55.369,14.46,-9.599999,-26.88
55.410,15.0,-9.599999,-26.82
55.430,15.36,-9.36,-26.34
55.469,15.299999,-9.48,-25.38
55.508,15.96,-9.24,-24.24
55.529,15.839999,-9.36,-24.48
55.568,15.96,-9.179999,-24.72
55.609,15.179999,-9.599999,-24.539999
55.631,14.58,-10.08,-24.66
55.669,15.299999,-10.139999,-24.72
55.710,16.56,-12.059999,-24.84
55.728,16.68,-12.54,-24.18
55.769,16.74,-13.38,-23.64
55.810,16.26,-13.2,-24.06
55.830,16.08,-13.44,-24.06
55.869,15.36,-13.74,-23.22
55.910,15.12,-13.92,-22.68
55.949,15.299999,-13.799999,-22.38
55.969,15.719999,-14.28,-21.84
56.009,16.619999,-14.639999,-21.359999
56.049,17.1,-14.5199995,-21.42
56.069,16.98,-14.759999,-21.539999
56.109,16.74,-14.639999,-22.08
56.149,16.5,-14.5199995,-22.619999
56.169,16.02,-15.12,-23.16
56.210,15.78,-14.5199995,-22.98
56.250,16.619999,-14.16,-23.34
56.272,16.38,-14.46,-23.519999
56.311,16.98,-14.5199995,-24.119999
56.352,17.279999,-13.2,-24.42
56.371,17.16,-12.42,-24.6
56.411,17.88,-12.12,-25.5
56.452,18.48,-11.639999,-25.08
56.470,18.84,-11.28,-24.779999
56.511,18.72,-10.559999,-24.779999
56.550,18.48,-10.74,-23.64
56.570,18.119999,-10.8,-23.58
56.610,18.48,-9.96,-23.039999
56.650,18.48,-9.78,-23.699999
56.669,18.779999,-10.2,-23.939999
56.709,18.06,-10.62,-23.519999
56.751,18.119999,-8.88,-24.3
56.770,18.24,-7.9199996,-24.24
56.810,17.88,-7.2599998,-25.26
56.849,18.24,-6.8399997,-24.96
56.890,18.96,-6.54,-23.82
56.910,19.38,-6.8999996,-23.82
56.950,20.039999,-7.56,-24.18
56.990,18.6,-8.94,-24.42
57.010,17.88,-9.54,-23.88
57.051,16.8,-11.4,-22.68
57.090,16.08,-13.44,-22.439999
57.118,15.599999,-14.34,-22.56
57.149,15.78,-15.54,-21.72
57.190,16.8,-14.7,-21.24
57.210,17.64,-14.759999,-20.88
57.250,18.18,-13.38,-20.46
57.290,18.18,-11.5199995,-21.119999
57.311,18.66,-10.74,-21.18
57.350,19.02,-9.66,-22.02
57.390,19.439999,-9.54,-22.8
57.411,20.58,-8.94,-22.859999
57.450,21.18,-6.3599997,-23.82
57.488,21.359999,-4.7999997,-23.519999
57.513,21.66,-4.56,-22.98
57.552,22.859999,-3.6599998,-21.3
57.592,24.6,-3.0,-20.82
57.610,25.32,-2.52,-20.88
57.650,25.199999,-1.5,-21.539999
57.690,25.26,-1.62,-21.72
57.730,25.199999,-2.1,-22.199999
57.749,25.5,-2.58,-21.84
57.791,24.42,-3.9599998,-22.14
57.831,23.64,-4.8599997,-21.72
57.850,23.64,-4.62,-21.539999
57.892,23.58,-4.7999997,-22.439999
57.930,23.1,-3.84,-22.68
57.951,22.92,-2.76,-22.5
57.989,22.74,-2.82,-23.519999
58.029,22.26,-2.6399999,-24.539999
58.050,21.84,-1.62,-24.06
58.090,23.039999,-1.26,-23.16
58.130,23.58,-1.1999999,-23.039999
58.148,22.859999,-1.5,-22.859999
58.190,22.14,-2.3999999,-23.64
58.231,22.32,-3.6599998,-23.16
58.250,22.74,-3.9599998,-22.26
58.291,22.619999,-5.22,-22.14
58.329,22.26,-6.42,-21.96
58.349,21.9,-7.02,-21.119999
58.389,22.56,-6.8999996,-21.6
58.430,22.98,-6.8399997,-21.48
58.469,22.32,-8.04,-20.76
58.490,21.84,-7.8599997,-20.82
58.529,22.92,-7.2,-22.08
58.569,23.039999,-6.24,-22.98
58.590,22.98,-6.24,-23.34
58.629,23.1,-6.8399997,-22.92
58.669,22.619999,-7.08,-22.32
58.689,23.16,-7.2,-22.199999
58.729,23.699999,-7.3799996,-21.66
58.770,23.1,-7.44,-21.42
58.791,22.92,-7.68,-21.84
58.830,22.26,-7.5,-21.66
58.869,22.14,-7.02,-22.08
58.891,22.439999,-6.6,-21.72
58.930,22.68,-6.8399997,-21.84
58.972,22.8,-7.56,-21.96
58.991,22.74,-7.8599997,-21.96
59.030,22.74,-7.9199996,-21.3
59.069,22.619999,-7.3199997,-21.3
59.090,22.8,-7.5,-21.6
59.129,22.92,-7.56,-21.119999
59.170,23.34,-7.5,-21.119999
59.190,23.82,-7.98,-21.359999
59.230,23.76,-8.04,-21.779999
59.270,23.22,-8.04,-20.82
59.314,22.619999,-8.34,-19.92
59.329,22.5,-7.8599997,-20.34
59.369,22.32,-6.66,-20.58
59.410,22.74,-6.6,-20.52
59.430,22.859999,-6.54,-20.279999
59.469,24.06,-6.96,-20.4
59.509,24.48,-7.5,-20.22
59.529,23.46,-7.8599997,-20.52
59.569,22.68,-8.04,-19.859999
59.609,23.64,-7.9199996,-20.1
59.629,23.82,-7.9199996,-19.98
59.669,23.22,-8.099999,-19.439999
59.709,23.16,-7.62,-20.34
59.729,23.519999,-7.2,-20.82
59.769,23.76,-7.8599997,-20.76
59.810,23.939999,-8.04,-21.3
59.830,23.82,-8.22,-21.359999
59.870,24.6,-7.5,-21.539999
59.909,24.42,-7.62,-21.359999
59.930,24.24,-7.2,-21.18
59.969,23.939999,-7.2,-21.96
