timestamp,x,y,z,roll,pitch,yaw
00.009,0.012275337,0.014994909,-0.0058404827,0.0,-0.0,0.0
00.049,0.01838399,0.018049236,-0.007062213,0.0,-0.0,0.0
00.069,0.033044755,0.0039993348,-0.0027861565,0.0,-0.0,0.0
00.110,0.0067775496,-0.021046141,-0.00095356064,-0.0,-0.0,0.0
00.149,0.010442741,0.017438369,-0.004007887,0.0,-0.0,0.0
00.170,0.0061666844,0.010718852,-0.004007887,0.0,-0.0,0.0
00.210,-0.0011636983,-0.00027672196,-0.0027861565,-0.0,-0.0,0.0
00.250,0.009221011,-0.013104891,-0.0033970214,-0.0,-0.0,0.0
00.270,0.009831876,-0.0014984524,-0.002175291,-0.0,-0.0,0.0
00.308,0.016551394,0.015605775,0.0008790351,-0.0,-0.0,0.0
00.348,0.012886203,-0.003941913,-0.002175291,-0.0,-0.0,0.0
00.372,0.004334089,-0.023489602,-0.002175291,-0.0,-0.0,0.0
00.408,0.012886203,0.017438369,-0.00034269542,0.0,-0.0,0.0
00.448,-0.0011636983,0.0015558738,0.00026816985,0.0,-0.0,-0.0
00.488,0.0012797627,0.002166739,0.0063768225,3.9872834e-06,-2.3550806e-06,-1.1734813e-05
00.509,-0.009104946,0.0033884696,0.0051550916,0.0,-0.0,-0.0
00.549,0.0031123583,0.002166739,0.0045442265,-0.0,-0.0,0.0
00.588,0.009221011,0.04431644,0.0051550916,-0.0,-0.0,0.0
00.610,0.0031123583,0.04187298,-0.00095356064,0.0,-0.0,0.0
00.649,-0.0023854286,-0.01860268,-0.0033970214,-0.0,-0.0,0.0
00.672,-0.00605062,-0.011883162,-0.0033970214,-0.0,-0.0,0.0
00.711,-0.0042180247,0.0003341433,-0.0033970214,-0.0,0.0,0.0
00.749,0.0049449545,0.008886257,-0.00095356064,2.4364512e-05,-1.355813e-05,2.6146542e-06
00.790,-0.000552833,0.002166739,-0.00095356064,-0.0,0.0,0.0
00.810,-0.006661486,-0.0014984524,-0.007062213,-0.0,-0.0,0.0
00.849,-0.002996294,-0.0021093178,-0.006451348,-0.0,-0.0,0.0
00.890,-0.0072723506,0.0039993348,-0.0052296175,-0.0,0.0,0.0
00.911,-0.00605062,0.002166739,-0.0027861565,-0.0,0.0,0.0
00.951,-0.0042180247,-0.0021093178,-0.00095356064,-0.0,-0.0,0.0
00.989,-0.012770138,-0.034485176,0.0069876877,-0.0,0.0,0.0
01.009,5.80322e-05,0.011940584,-0.010116539,0.0,-0.0,0.0
01.050,-0.000552833,0.032710005,-0.008894809,-0.0,0.0,0.0
01.089,-0.0023854286,0.0070536607,-0.0033970214,-0.0,0.0,0.0
01.109,0.0049449545,-0.0069962395,-0.002175291,-0.0,-0.0,0.0
01.150,0.0061666844,0.017438369,0.0008790351,-0.0,-0.0,0.0
01.190,0.0037232237,0.011940584,0.0021007655,-0.0,-0.0,0.0
01.210,-0.005439755,-0.010050566,-0.00095356064,-0.0,-0.0,0.0
01.250,-0.0011636983,0.00094500853,-0.0033970214,-0.0,0.0,0.0
01.289,-0.00482889,-0.005163644,-0.0027861565,-1.05329655e-05,9.850067e-06,5.683327e-06
01.330,5.80322e-05,0.013162313,0.0008790351,-0.0,-0.0,0.0
01.349,0.0055558197,0.028433945,0.0021007655,-0.0,-0.0,0.0
01.390,-0.0023854286,0.008886257,0.0008790351,0.0,-0.0,-0.0
01.430,0.0031123583,0.025379617,-0.0052296175,0.0,-0.0,0.0
01.450,0.0037232237,0.013162313,-0.008283943,0.0,-0.0,0.0
01.490,-0.00482889,-0.016770083,-0.004007887,-0.0,-0.0,0.0
01.529,-0.019489657,0.02415789,-0.019279517,-0.0,0.0,0.0
01.549,0.009221011,0.084022686,-0.006451348,0.0,-0.0,0.0
01.589,-0.010326677,0.023547022,-0.008283943,-0.0,0.0,0.0
01.631,0.011664472,0.010718852,-0.001564426,0.0,-0.0,0.0
01.648,-0.00482889,-0.009439701,-0.0058404827,-0.0,-0.0,0.0
01.690,-0.0036071595,-0.05220027,-0.0076730787,-0.0,-0.0,0.0
01.730,0.00066889747,-0.021657005,-0.00034269542,-0.0,-0.0,0.0
01.750,0.015329664,0.0076645263,0.0063768225,-0.0,-0.0,0.0
01.789,0.022049181,0.011940584,0.008820283,-0.0,-0.0,0.0
01.828,0.022049181,-0.011272296,-0.002175291,-7.52184e-05,-0.00014713363,1.4510075e-05
01.849,0.011664472,-0.024711333,-0.004618752,-0.0,-0.0,0.0
01.888,0.0037232237,-0.016159218,-0.0027861565,-0.0,-0.0,0.0
01.930,0.017162258,-0.0069962395,0.0014899004,-0.0,-0.0,-0.0
01.949,0.012886203,-0.017991813,0.0051550916,-0.0,-0.0,-0.0
01.990,0.06969667,-0.06686103,0.019815857,-0.0,-0.0,-0.0
02.029,0.1130681,0.042483844,-0.001564426,0.0,-0.0,0.0
02.069,0.15033089,0.21780217,-0.10907671,0.0,-0.0,0.0
02.089,0.09779647,0.11700941,-0.18910006,0.0,-0.0,0.0
02.128,0.009221011,-0.12550409,-0.41450933,-0.0,-0.0,0.0
02.169,0.049538117,-0.17803851,-0.3485359,-0.0,-0.0,0.0
02.188,0.09107695,-0.08518699,-0.27584293,-0.0,-0.0,0.0
02.231,0.127118,-0.02226787,-0.30638617,-0.0,-0.0,0.0
02.269,-0.0433134,-0.1957536,-0.3289882,-0.0,-0.0,0.0
02.289,-0.114784636,-0.225686,-0.24957572,-0.0,-0.0,0.0
02.330,-0.19664058,-0.1236715,-0.13412218,-0.0,-0.0,0.0
02.369,-0.13616492,-0.20858178,-0.06814873,-0.014471295,0.009397751,0.0047889133
02.389,-0.08912829,-0.15787996,-0.05104451,-0.0,-0.0,0.0
02.428,-0.0036071595,-0.049145944,-0.037605476,-0.0,-0.0,0.0
02.470,-0.002996294,0.015605775,-0.021112114,-0.0,0.0,0.0
02.489,-0.010326677,0.0485925,-0.012560001,-0.0,0.0,0.0
02.531,-0.015824463,0.03576433,0.008820283,0.0,-0.0,-0.0
02.570,-0.021322252,0.04309471,0.0008790351,0.0,-0.0,-0.0
02.590,-0.024376577,0.032710005,-0.004007887,-0.0,0.0,0.0
02.629,-0.021933116,-0.00821797,-0.01622519,-6.286529e-05,0.00016775081,0.0001241031
02.669,-0.000552833,0.024768753,-0.013170866,-0.0,0.0,0.0
02.689,-0.000552833,0.032099135,-0.0027861565,-0.0,0.0,0.0
02.729,-0.017046195,0.04309471,0.002711631,0.0,-0.0,-0.0
02.770,-0.012159273,0.0082753915,-0.002175291,-0.0,0.0,0.0
02.789,-0.0017745636,0.025379617,-0.008283943,-0.0,0.0,0.0
02.830,-0.000552833,0.0015558738,-0.0076730787,-0.0,0.0,0.0
02.868,-0.04392427,-0.01860268,-0.002175291,-0.0,-0.0,0.0
02.890,-0.04392427,-0.0076071047,0.002711631,-0.0,0.0,0.0
02.929,-0.0292635,0.0015558738,0.0082094185,0.0,-0.0,-0.0
02.969,-0.06102849,-0.08213267,0.01187461,-0.0,0.0,0.0
03.009,-0.04758946,-0.016159218,0.0021007655,-0.0,0.0,0.0
03.029,-0.032317825,-0.03692864,0.0014899004,-0.0,0.0,0.0
03.069,-0.028652634,-0.004552779,0.0008790351,-0.0,0.0,0.0
03.108,-0.0017745636,-0.0069962395,-0.010116539,-0.0,-0.0,0.0
03.129,0.0067775496,-0.005774509,-0.01133827,-0.0,-0.0,0.0
03.170,0.029990429,-0.06991536,-0.046157587,-0.0016694732,-0.00071721565,0.0011018356
03.209,0.07763792,-0.11084333,-0.15428074,-0.0,-0.0,0.0
03.229,0.081303105,-0.10045863,-0.20192823,-0.0,-0.0,0.0
03.270,0.14910914,-0.0076071047,-0.27095598,-0.0,-0.0,0.0
03.309,0.27555826,0.17626333,-0.20986947,0.0,-0.0,0.0
03.329,0.27739084,0.1890915,-0.17932622,0.0,-0.0,0.0
03.369,0.13628097,-0.114508525,-0.20437169,-0.0,-0.0,0.0
03.408,0.012275337,-0.05830892,-0.10357892,-0.0,-0.0,0.0
03.429,0.027546968,0.011940584,-0.0724248,0.0,-0.0,0.0
03.468,-0.07202406,0.20802832,-0.025999036,-0.0,0.0,0.0
03.507,0.11184637,-0.22690773,0.020426724,-0.0,-0.0,-0.0
03.545,0.07580532,-0.09496084,0.016150665,-0.0,-0.0,-0.0
03.572,-0.017046195,0.14144401,0.0051550916,0.0,-0.0,-0.0
03.608,0.004334089,-0.040593825,0.012485474,-0.0,-0.0,-0.0
03.649,-0.010326677,0.036375195,-0.00034269542,-0.0,0.0,0.0
03.668,-0.03415042,0.02415789,0.007598553,0.0,-0.0,-0.0
03.710,-0.03842648,-0.013715757,0.0069876877,-0.00015238815,0.0004269876,-7.761222e-05
03.750,-0.04453513,0.027212214,0.019204993,0.0,-0.0,-0.0
03.774,-0.054308977,0.0015558738,0.033865757,0.0,-0.0,-0.0
03.807,-0.04453513,-0.014937487,0.050969984,-0.0,0.0,0.0
03.849,-0.016435329,-0.054032862,0.0082094185,-0.0,0.0,0.0
03.868,-0.010937542,-0.02226787,0.0069876877,-0.0,0.0,0.0
03.908,-0.015213599,0.05225769,0.032644026,0.0,-0.0,-0.0
03.948,-0.026820038,0.02782308,0.038141817,0.0,-0.0,-0.0
03.969,-0.022543982,0.002166739,0.037530947,0.0,-0.0,-0.0
04.008,-0.0072723506,0.02415789,0.02470278,0.0,-0.0,-0.0
04.049,0.014718798,0.08157922,-0.0027861565,0.0,-0.0,0.0
04.068,0.029990429,0.113344215,-0.010727405,0.0,-0.0,0.0
04.107,0.01838399,0.065696724,0.0008790351,-0.0,-0.0,0.0
04.150,0.029990429,0.06936192,-0.001564426,0.0,-0.0,0.0
04.169,0.03121216,0.078524895,-0.004618752,0.0,-0.0,0.0
04.209,0.015329664,0.022325292,-0.020501249,0.0,-0.0,0.0
04.248,0.03121216,-0.04181556,-0.058374893,-0.000878396,-0.0006564956,0.0012265223
04.270,0.04404033,-0.048535075,-0.09441595,-0.0,-0.0,0.0
04.309,0.0568685,-0.06686103,-0.13534392,-0.0,-0.0,0.0
04.348,0.05259244,-0.010661432,-0.16283286,-0.0,-0.0,0.0
04.369,0.045872923,0.024768753,-0.17443928,0.0,-0.0,0.0
04.410,0.049538117,0.047370765,-0.18115881,0.0,-0.0,0.0
04.448,0.026936105,0.1261724,-0.14633949,0.0,-0.0,0.0
04.469,-0.010937542,0.13044845,-0.13351132,-0.0,0.0,0.0
04.511,-0.039037343,-0.0021093178,-0.09319422,-5.855455e-05,0.0010588273,0.002527955
04.548,-0.032317825,-0.068082765,-0.036383744,-0.0,-0.0,0.0
04.600,0.101461664,-0.008828836,0.01187461,-0.0,-0.0,-0.0
04.617,0.040986005,-0.025322197,-0.0033970214,-0.0,-0.0,0.0
04.649,-0.0292635,0.036986057,-0.013781731,-0.0,0.0,0.0
04.688,0.016551394,-0.0014984524,0.0021007655,-0.0,-0.0,-0.0
04.707,0.012275337,0.018049236,0.0014899004,-0.0,-0.0,0.0
04.748,-0.024987442,0.0003341433,0.0100420145,0.0,-0.0,-0.0
04.787,-0.011548407,0.002166739,-0.0027861565,7.0234173e-06,3.743474e-05,9.031326e-06
04.808,5.80322e-05,0.023547022,0.003322496,-0.0,-0.0,0.0
04.847,-0.0036071595,-0.012494027,0.019815857,-0.0,0.0,0.0
04.887,-0.009104946,-0.005163644,0.056467775,-0.0,0.0,0.0
04.908,-0.022543982,0.011940584,0.08578931,0.0,-0.0,-0.0
04.948,-0.08424137,0.032710005,0.15848227,0.0,-0.0,-0.0
04.988,-0.12333675,-0.0021093178,0.27271408,-0.0,0.0,0.0
05.008,-0.123947605,-0.05708719,0.36312214,-0.0,0.0,0.0
05.048,-0.09584781,-0.10229122,0.46696922,-0.012968077,0.012917386,-0.060900565
05.088,-0.01765706,-0.06869362,0.47491047,-0.0,0.0,0.0
05.109,0.009221011,-0.058919784,0.44375634,-0.0,-0.0,-0.0
05.147,-0.00482889,-0.022878736,0.35090482,-0.0,0.0,0.0
05.189,-0.0292635,-0.008828836,0.27149233,-0.0,0.0,0.0
05.209,-0.016435329,0.0027776044,0.20551889,0.0,-0.0,-0.0
05.248,0.0287687,0.017438369,0.0894545,-0.0,-0.0,0.0
05.289,0.0012797627,0.02782308,0.033865757,-0.0,-0.0,0.0
05.328,0.009221011,0.005221065,0.009431149,1.9880801e-05,-3.511329e-05,-3.5912773e-05
05.348,0.014107933,0.0033884696,0.009431149,-0.0,-0.0,0.0
05.390,0.0061666844,0.034542598,0.0014899004,-0.0,-0.0,0.0
05.428,-0.010937542,-0.024100466,-0.001564426,-0.0,-0.0,0.0
05.449,-0.01887879,-0.01982441,-0.00095356064,-0.0,-0.0,0.0
05.491,-0.015824463,0.011940584,0.016150665,0.0,-0.0,-0.0
05.528,-0.025598308,0.049203362,0.02225932,0.0,-0.0,-0.0
05.548,-0.042702533,0.047370765,0.016150665,0.0,-0.0,-0.0
05.590,-0.036593884,0.006442796,0.0082094185,6.5825916e-05,0.00037378713,-8.386779e-05
05.629,-0.0072723506,0.04187298,-0.004618752,-0.0,0.0,0.0
05.649,-0.015213599,0.052868553,-0.013170866,-0.0,0.0,0.0
05.688,-0.005439755,0.030877406,0.0008790351,0.0,-0.0,-0.0
05.729,0.03121216,0.05470115,0.0045442265,-0.0,-0.0,0.0
05.747,0.023881776,0.07608144,-0.00095356064,0.0,-0.0,0.0
05.788,0.063588016,0.16038084,-0.0052296175,0.0,-0.0,0.0
05.828,0.0709184,0.15427218,0.007598553,-0.0,-0.0,0.0
05.848,0.039764274,0.13411364,0.0039333613,-0.0,-0.0,0.0
05.889,0.018994855,0.15060699,-0.0076730787,0.0,-0.0,0.0
05.929,-0.010326677,-0.2360707,-0.001564426,-0.0,-0.0,0.0
05.948,0.012275337,-0.19269928,-0.015614326,-0.0,-0.0,0.0
05.988,0.03121216,0.06325327,-0.002175291,0.0,-0.0,0.0
06.027,-0.002996294,-0.019213544,-0.004007887,-0.0,-0.0,0.0
06.048,0.0073884153,-0.012494027,-0.007062213,-0.0,-0.0,0.0
06.087,-0.00605062,-0.022878736,-0.0076730787,-0.0,-0.0,0.0
06.128,-0.036593884,-0.050367672,0.0008790351,-0.0008417931,0.0006116016,-1.4433921e-05
06.168,0.017162258,-0.012494027,0.02470278,-0.0,-0.0,-0.0
06.189,-0.005439755,0.0076645263,0.030200567,0.0,-0.0,-0.0
06.228,-0.037204746,0.032099135,0.054024313,0.0,-0.0,-0.0
06.267,0.030601293,-0.011272296,0.11449997,-0.0,-0.0,-0.0
06.288,0.025714373,-0.021046141,0.127939,-0.0,-0.0,-0.0
06.327,0.012275337,-0.014937487,0.0998392,-0.0,-0.0,-0.0
06.368,-0.006661486,-0.06441757,0.033254895,-0.0,0.0,0.0
06.387,0.011053607,-0.08946305,-0.009505674,-0.0021765553,-0.00026917964,0.00023097491
06.428,-0.002996294,0.022325292,-0.004007887,-0.0,0.0,0.0
06.467,0.00066889747,0.04004038,0.011263744,-0.0,-0.0,0.0
06.489,0.0079992805,0.051035956,0.003322496,-0.0,-0.0,0.0
06.528,-0.025598308,0.08280095,-0.012560001,-0.0,0.0,0.0
06.568,0.010442741,-0.20308398,-0.021722978,-0.0,-0.0,0.0
06.593,0.030601293,-0.11206506,-0.021722978,-0.0,-0.0,0.0
06.627,0.033044755,0.011329718,0.010652878,-0.0,-0.0,0.0
06.668,0.029379563,0.032099135,-0.007062213,0.00037985638,-0.0003476442,8.363602e-05
06.688,0.015940528,0.033931732,-0.012560001,0.0,-0.0,0.0
06.728,-0.002996294,-0.012494027,-0.001564426,-0.0,-0.0,0.0
06.768,-0.002996294,-0.003941913,-0.0033970214,-0.0,-0.0,0.0
06.788,-0.007883216,0.022325292,-0.001564426,-0.0,0.0,0.0
06.827,-0.008494082,0.02415789,0.00026816985,0.0,-0.0,-0.0
06.867,0.004334089,0.010107988,-0.0033970214,0.0,-0.0,0.0
06.907,0.021438316,-0.038761236,0.002711631,-0.0,-0.0,-0.0
06.927,0.03121216,-0.016770083,0.003322496,-0.00016020624,-0.00029816144,-3.1763077e-05
06.970,0.026936105,0.04187298,-0.006451348,0.0,-0.0,0.0
07.008,0.033044755,0.0046102,-0.014392597,0.0,-0.0,0.0
07.028,0.025714373,0.011940584,-0.0076730787,0.0,-0.0,0.0
07.067,0.0055558197,-0.013715757,-0.004618752,-0.0,-0.0,0.0
07.107,-0.002996294,0.005831931,0.012485474,0.0,-0.0,-0.0
07.128,-0.018267926,0.016827505,0.008820283,0.0,-0.0,-0.0
07.168,-0.0023854286,-0.013104891,0.00026816985,-0.0,0.0,0.0
07.209,0.00066889747,-0.0033310482,0.0069876877,-6.9476123e-06,-1.3950759e-06,-1.4574297e-05
07.228,-0.01765706,-0.00027672196,0.002711631,-0.0,0.0,0.0
07.268,0.0031123583,0.013773179,-0.004007887,0.0,-0.0,0.0
07.308,0.012886203,-0.014326623,-0.020501249,-0.0,-0.0,0.0
07.329,0.008610145,-0.020435274,-0.016836058,-0.0,-0.0,0.0
07.368,0.020216586,-0.003941913,-0.0076730787,-0.0,-0.0,0.0
07.408,0.010442741,-0.005774509,-0.00095356064,-0.0,-0.0,0.0
07.429,0.011664472,-0.0008875872,-0.0058404827,-0.0,-0.0,0.0
07.470,-0.012159273,-0.0008875872,-0.0052296175,-3.1611328e-06,4.3299577e-05,1.8622924e-05
07.509,-0.02010052,-0.0069962395,-0.0033970214,-0.0,-0.0,0.0
07.528,-0.016435329,-0.010661432,-0.0033970214,-0.0,-0.0,0.0
07.568,-0.009104946,-0.011272296,0.0008790351,-0.0,0.0,0.0
07.610,-0.0011636983,-0.014326623,0.0039333613,-0.0,0.0,0.0
07.629,-0.000552833,-0.005163644,0.0008790351,-0.0,0.0,0.0
07.670,0.0037232237,-0.009439701,-0.0033970214,-0.0,-0.0,0.0
07.708,-0.007883216,0.00094500853,-0.0052296175,-0.0,0.0,0.0
07.729,-0.013381003,-0.0014984524,-0.00095356064,-5.429624e-06,4.8485144e-05,3.4552936e-06
07.770,-0.006661486,-0.0069962395,-0.002175291,-0.0,-0.0,0.0
07.810,-0.0023854286,-0.011883162,-0.0058404827,-0.0,-0.0,0.0
07.830,-0.000552833,-0.016770083,-0.010727405,-0.0,-0.0,0.0
07.869,-0.0017745636,-0.024100466,-0.034551147,-0.0,-0.0,0.0
07.909,0.014718798,0.036986057,-0.052877106,0.0,-0.0,0.0
07.931,0.011664472,0.046759903,-0.060818356,0.0,-0.0,0.0
07.970,0.014107933,-0.022878736,-0.056542296,-0.0,-0.0,0.0
08.009,0.04404033,0.08768787,-0.09441595,0.0032073862,-0.0016039469,0.0034530712
08.050,-0.011548407,0.017438369,-0.11885056,-0.0,0.0,0.0
08.071,-0.002996294,0.01988183,-0.1109093,-0.0,0.0,0.0
08.110,0.044651195,0.07363797,-0.08403123,0.0,-0.0,0.0
08.151,0.015329664,0.10845729,-0.067537874,0.0,-0.0,0.0
08.169,0.024492642,0.13350277,-0.038827207,0.0,-0.0,0.0
08.209,0.07152927,0.27827784,0.037530947,-0.0,-0.0,0.0
08.249,-0.060417626,0.13900055,-0.022333845,-0.0,0.0,0.0
08.270,-0.09523695,-0.015548353,-0.046768457,-0.00044935045,0.0027407561,0.0013466812
08.309,0.037931677,-0.08946305,-0.002175291,-0.0,-0.0,0.0
08.333,0.07336186,-0.048535075,-0.001564426,-0.0,-0.0,0.0
08.368,-0.000552833,-0.07358055,-0.0033970214,-0.0,-0.0,0.0
08.409,0.03915341,-0.028987389,0.008820283,-0.0,-0.0,-0.0
08.448,-0.0017745636,0.16038084,0.013707205,0.0,-0.0,-0.0
08.469,-0.0042180247,0.03576433,-0.0052296175,-0.0,0.0,0.0
08.509,0.026936105,-0.20613831,0.002711631,-0.0,-0.0,-0.0
08.549,0.033044755,0.13961142,-0.011949135,0.0053943302,-0.0012754666,0.00046510986
08.568,-0.037204746,0.1261724,-0.018057788,-0.0,0.0,0.0
08.610,0.008610145,-0.06625017,-0.004007887,-0.0,-0.0,0.0
08.651,0.024492642,-0.027154792,0.0021007655,-0.0,-0.0,-0.0
08.669,-0.0433134,-0.014937487,0.018594127,-0.0,0.0,0.0
08.708,-0.021933116,0.032710005,0.011263744,0.0,-0.0,-0.0
08.749,-0.029874366,0.020492697,0.016150665,0.0,-0.0,-0.0
08.787,-0.03048523,-0.019213544,0.033254895,-0.0,0.0,0.0
08.809,-0.0042180247,-0.036317773,0.019204993,-0.00040260938,4.680336e-05,-0.00021289478
08.849,0.0031123583,-0.019213544,0.0008790351,-0.0,-0.0,-0.0
08.889,-0.012159273,-0.0033310482,0.0039333613,-0.0,0.0,0.0
08.909,-0.005439755,0.0070536607,-0.007062213,-0.0,0.0,0.0
08.950,0.011664472,-0.054032862,-0.025999036,-0.0,-0.0,0.0
08.988,0.023270912,0.057144612,-0.033940285,0.0,-0.0,0.0
09.010,0.009221011,0.054090288,-0.030885957,0.0,-0.0,0.0
09.048,-0.024376577,0.10662469,-0.037605476,-0.0,0.0,0.0
09.088,-0.08973916,0.12922671,-0.035772882,0.0055922293,0.0038898084,0.0015380065
09.109,0.03243389,-0.2556184,-0.007062213,-0.0,-0.0,0.0
09.155,0.102683395,-0.091295645,-0.011949135,-0.0,-0.0,0.0
09.177,0.021438316,0.14816353,-0.017446922,0.0,-0.0,0.0
09.208,-0.021933116,-0.019213544,-0.00034269542,-0.0,-0.0,0.0
09.248,0.057479367,0.013773179,0.002711631,-0.0,-0.0,0.0
09.289,-0.04758946,-0.057698056,-0.0027861565,-0.0,-0.0,0.0
09.309,-0.054308977,0.012551448,0.012485474,0.0,-0.0,-0.0
09.349,-0.05125465,0.071194515,-0.004007887,0.0016780647,0.0012081985,9.3455805e-05
09.387,-0.05125465,0.023547022,0.013707205,0.0,-0.0,-0.0
09.409,-0.03781561,0.01988183,0.019815857,0.0,-0.0,-0.0
09.451,-0.0017745636,-0.039982963,0.005765957,-0.0,0.0,0.0
09.489,-0.0023854286,0.010718852,0.0082094185,0.0,-0.0,-0.0
09.529,-0.01887879,-0.0021093178,0.00026816985,-0.0,0.0,0.0
09.550,5.80322e-05,-0.0069962395,0.0051550916,-0.0,-0.0,-0.0
09.588,-0.012159273,-0.02593306,0.008820283,-0.0,0.0,0.0
09.627,-0.014602734,-0.0063853743,0.0014899004,-0.0,0.0,0.0
09.647,0.0012797627,0.0015558738,0.00026816985,-0.0,-0.0,0.0
09.689,-0.006661486,-0.003941913,0.0008790351,-0.0,0.0,0.0
09.730,-0.0017745636,0.008886257,-0.0027861565,-0.0,0.0,0.0
09.751,-0.006661486,0.013773179,-0.0027861565,-0.0,0.0,0.0
09.789,-0.01887879,-0.027765658,0.002711631,-0.0,0.0,0.0
09.829,0.0025014933,-0.002720183,0.0014899004,-0.0,-0.0,-0.0
09.848,0.012275337,0.002166739,0.0051550916,-0.0,-0.0,0.0
09.889,0.0037232237,0.0076645263,0.011263744,2.9058188e-05,-1.4116465e-05,-4.270399e-05
09.930,0.021438316,0.0039993348,0.026535375,-0.0,-0.0,0.0
09.948,-0.03170696,0.0046102,0.025313644,0.0,-0.0,-0.0
09.991,-0.03537215,-0.054032862,0.025313644,-0.0,0.0,0.0
10.033,-0.120893285,-0.10106949,-0.022333845,-0.0,-0.0,0.0
10.048,-0.21069047,-0.17926024,-0.0076730787,-0.0,-0.0,0.0
10.088,-0.26811182,-0.32708964,0.013707205,-0.0,0.0,0.0
10.128,-0.05614157,0.032710005,-0.039438073,-0.0,0.0,0.0
10.149,-0.042702533,0.062031534,-0.046157587,0.0014701097,0.0010132096,0.0010935742
10.189,-0.113562904,-0.08274353,0.00026816985,-0.0,0.0,0.0
10.229,-0.06774801,0.0033884696,0.03508749,0.0,-0.0,-0.0
10.249,-0.046978593,-0.013715757,0.021037588,-0.0,0.0,0.0
10.288,0.029990429,0.12311806,0.04669393,-0.0,-0.0,0.0
10.328,0.020216586,0.012551448,0.025924511,-0.0,-0.0,0.0
10.349,0.026325237,0.0033884696,0.019204993,-0.0,-0.0,0.0
10.388,0.06847494,0.12922671,0.014928936,-0.0,-0.0,0.0
10.430,-0.12639107,-0.0674719,0.0039333613,-0.0025949425,0.004861792,-0.00014498582
10.450,-0.1276128,-0.17009726,0.0039333613,-0.0,0.0,0.0
10.489,-0.04575686,0.0015558738,0.03997441,0.0,-0.0,-0.0
10.529,0.04526206,0.18664804,0.01431807,-0.0,-0.0,0.0
10.568,0.09779647,0.07180537,0.019204993,-0.0,-0.0,0.0
10.588,0.06053369,0.036986057,0.01431807,-0.0,-0.0,0.0
10.630,0.01960572,-0.0014984524,-0.016836058,-0.0,-0.0,0.0
10.668,0.02082745,-0.022878736,-0.022333845,-0.0,-0.0,0.0
10.689,0.026936105,-0.016770083,-0.018057788,-0.00016432395,-0.00026398912,0.00017694513
10.728,0.025714373,0.03820779,-0.0052296175,0.0,-0.0,0.0
10.770,0.0067775496,0.03515346,-0.00034269542,0.0,-0.0,0.0
10.788,0.01960572,0.028433945,0.0039333613,-0.0,-0.0,0.0
10.828,0.06236629,0.08768787,0.0069876877,-0.0,-0.0,0.0
10.868,0.025714373,0.015605775,-0.0052296175,0.0,-0.0,0.0
10.889,0.014107933,-0.00821797,-0.0052296175,-0.0,-0.0,0.0
10.928,0.03365562,0.022936158,0.0039333613,-0.0,-0.0,0.0
10.969,0.029379563,0.03515346,0.016150665,0.0004583446,-0.00038314424,-0.00021050942
10.989,0.0061666844,0.037596922,0.020426724,-0.0,-0.0,0.0
11.028,-0.0292635,0.030877406,0.0100420145,0.0,-0.0,-0.0
11.069,-0.009715811,-0.02593306,0.016150665,-0.0,0.0,0.0
11.089,-0.006661486,0.0039993348,0.029589701,0.0,-0.0,-0.0
11.128,-0.009715811,-0.014326623,0.02714624,-0.0,0.0,0.0
11.170,-0.006661486,-0.027765658,0.015539801,-0.0,0.0,0.0
11.189,0.0079992805,-0.010661432,0.0100420145,-0.0,-0.0,-0.0
11.228,0.0031123583,0.013162313,0.002711631,4.8738733e-05,-1.152501e-05,-1.004063e-05
11.268,-0.002996294,0.0015558738,-0.004007887,-0.0,0.0,0.0
11.308,0.0055558197,-0.013715757,-0.00095356064,-0.0,-0.0,0.0
11.328,-0.009104946,-0.017991813,-0.002175291,-0.0,-0.0,0.0
11.368,0.00066889747,0.0039993348,-0.004007887,0.0,-0.0,0.0
11.408,5.80322e-05,-0.005774509,-0.004618752,-0.0,-0.0,0.0
11.429,0.0025014933,-0.014937487,-0.0027861565,-0.0,-0.0,0.0
11.469,-0.002996294,-0.015548353,0.0014899004,-0.0,0.0,0.0
11.509,-0.0017745636,-0.005163644,0.00026816985,-0.0,0.0,0.0
11.530,0.0031123583,-0.003941913,0.0014899004,-0.0,-0.0,-0.0
11.570,-0.011548407,-0.026543928,0.00026816985,-0.0,0.0,0.0
11.609,-0.0011636983,-0.011883162,0.002711631,-0.0,0.0,0.0
11.629,-0.0023854286,0.0003341433,0.002711631,0.0,-0.0,-0.0
11.671,-0.022543982,-0.0515894,-0.00095356064,-0.0,-0.0,0.0
11.712,-0.000552833,0.0003341433,0.003322496,0.0,-0.0,-0.0
11.729,5.80322e-05,0.0046102,0.0051550916,-0.0,-0.0,0.0
11.769,0.001890628,-0.023489602,0.0008790351,-0.00014869368,-1.1967621e-05,-5.5653495e-06
11.808,0.004334089,-0.022878736,0.0021007655,-0.0,-0.0,-0.0
11.828,0.0061666844,-0.0033310482,0.003322496,-0.0,-0.0,-0.0
11.869,0.0049449545,0.016216641,0.0021007655,-0.0,-0.0,0.0
11.909,0.009831876,-0.028376523,0.003322496,-0.0,-0.0,-0.0
11.928,0.009221011,-0.021046141,0.0039333613,-0.0,-0.0,-0.0
11.968,0.012886203,-0.005163644,0.0021007655,-0.0,-0.0,-0.0
12.009,5.80322e-05,-0.0069962395,0.0045442265,-0.0,-0.0,-0.0
12.049,0.001890628,-0.0069962395,0.0051550916,-0.0,-0.0,-0.0
12.070,0.001890628,-0.005774509,0.0021007655,-0.0,-0.0,-0.0
12.108,0.0037232237,0.0076645263,0.00026816985,-0.0,-0.0,0.0
12.149,-0.0011636983,0.009497122,0.0008790351,0.0,-0.0,-0.0
12.170,5.80322e-05,0.01988183,0.0014899004,-0.0,-0.0,0.0
12.210,0.0073884153,0.01988183,0.0082094185,-0.0,-0.0,0.0
12.250,-0.0036071595,0.07180537,0.00026816985,0.0,-0.0,-0.0
12.270,-0.005439755,0.08157922,0.00026816985,0.0,-0.0,-0.0
12.310,0.11184637,0.21474785,0.0051550916,0.0139506655,-0.007268485,-0.0002841689
12.349,0.27250394,0.6136428,0.08456758,-0.0,-0.0,0.0
12.369,0.2645627,0.6741185,0.10961305,-0.0,-0.0,0.0
12.409,0.16621338,0.5727149,0.1456541,-0.0,-0.0,0.0
12.449,0.2150826,0.45420703,0.1157217,-0.0,-0.0,0.0
12.470,0.27678,0.5849322,0.15664968,-0.0,-0.0,0.0
12.508,0.2657844,0.5464477,0.16398005,-0.0,-0.0,0.0
12.549,0.094131276,0.2874408,0.11694343,-0.0,-0.0,0.0
12.568,0.09596387,0.268504,0.112667374,0.022038741,-0.007991355,-0.009175227
12.609,0.18392846,0.40289435,0.043639604,-0.0,-0.0,0.0
12.649,0.14788742,0.3106537,0.01309634,-0.0,-0.0,0.0
12.671,0.12100936,0.3124863,0.023481049,-0.0,-0.0,0.0
12.707,0.11062464,0.34302953,0.020426724,-0.0,-0.0,0.0
12.748,-0.021933116,0.09623999,0.030200567,0.0,-0.0,-0.0
12.769,-0.075689256,-0.07174796,0.01309634,-0.0,0.0,0.0
12.809,-0.05125465,-0.09373911,-0.018057788,-0.0,-0.0,0.0
12.849,-0.036593884,-0.20552745,-0.018668653,-0.0,-0.0,0.0
12.889,-0.10439993,-0.38512182,-0.04982278,-0.0,-0.0,0.0
12.910,-0.16670817,-0.51706874,-0.074257396,-0.0,-0.0,0.0
12.948,-0.3774567,-0.92146146,-0.09624854,-0.0,-0.0,0.0
12.990,-0.25894883,-0.92940277,-0.0724248,-0.0,-0.0,0.0
13.009,-0.13799751,-0.77057785,-0.080366045,-0.0,-0.0,0.0
13.050,-0.09279349,-0.5787661,-0.042492397,-0.0,-0.0,0.0
13.089,-0.17281683,-0.66734153,-0.030275093,-0.0,-0.0,0.0
13.108,-0.17831463,-0.65145904,-0.006451348,-0.11782925,0.032090954,0.003069172
13.152,-0.14044099,-0.5237882,0.1474867,-0.0,0.0,0.0
13.190,0.022660045,-0.24217935,0.09128709,-0.0,-0.0,-0.0
13.210,0.017162258,-0.2745552,0.0014899004,-0.0,-0.0,-0.0
13.250,-0.06102849,-0.26844656,0.0069876877,-0.0,0.0,0.0
13.290,-0.0023854286,-0.06075238,0.04852652,-0.0,0.0,0.0
13.311,0.076416194,0.1261724,0.07723719,-0.0,-0.0,0.0
13.349,0.20591962,0.48230684,0.073571995,-0.0,-0.0,0.0
13.388,-0.059195895,-0.57143575,0.01187461,-0.0,0.0,0.0
13.426,-0.070191465,-0.35335684,-0.038827207,-0.0,-0.0,0.0
13.465,0.0037232237,0.08829874,-0.023555575,0.0,-0.0,0.0
13.482,0.013497068,0.16038084,0.002711631,-0.0,-0.0,0.0
13.510,-0.028652634,-0.0375395,0.00026816985,-0.0,0.0,0.0
13.549,-0.0292635,0.09807259,0.0008790351,0.0,-0.0,-0.0
13.589,-0.04575686,0.102959506,-0.010727405,-0.0,0.0,0.0
13.609,-0.040259074,0.09868345,-0.018668653,-0.0,0.0,0.0
13.649,-0.020711387,0.084633544,-0.029053362,0.00208625,0.0005113354,0.00071570626
13.692,0.0037232237,0.037596922,-0.004007887,0.0,-0.0,0.0
13.728,0.015940528,0.05347942,0.0008790351,-0.0,-0.0,0.0
13.750,0.008610145,0.04431644,-0.004007887,0.0,-0.0,0.0
13.789,0.0079992805,0.016827505,0.002711631,-0.0,-0.0,0.0
13.810,0.0067775496,0.019270966,-0.001564426,0.0,-0.0,0.0
13.849,0.023270912,0.08157922,0.0008790351,-0.0,-0.0,0.0
13.891,0.031823024,0.15305047,0.017372396,-0.0,-0.0,0.0
13.930,-0.04453513,0.1347245,0.03508749,0.0,-0.0,-0.0
13.950,-0.05614157,0.07058365,0.02470278,0.0,-0.0,-0.0
13.989,-0.03781561,0.18603717,0.011263744,0.0,-0.0,-0.0
14.019,-0.015213599,0.07608144,0.021037588,0.0,-0.0,-0.0
14.051,-0.05614157,-0.09251737,-0.008894809,-0.0,-0.0,0.0
14.089,-0.01887879,-0.13894314,0.0051550916,-0.0,0.0,0.0
14.129,-0.019489657,-0.04792421,0.011263744,-0.0,0.0,0.0
14.153,-0.03964821,-0.07907834,0.009431149,-0.0,0.0,0.0
14.190,-0.012159273,-0.016770083,-0.006451348,-9.7667995e-05,7.081211e-05,3.7575224e-05
14.231,-0.01765706,0.014384043,-0.01133827,-0.0,0.0,0.0
14.250,-0.04758946,-0.046091612,-0.019890383,-0.0,-0.0,0.0
14.291,-0.07385666,-0.15299302,-0.025999036,-0.0,-0.0,0.0
14.331,-0.07385666,-0.1413866,-0.01622519,-0.0,-0.0,0.0
14.351,-0.07324579,-0.12550409,-0.006451348,-0.0,-0.0,0.0
14.391,-0.07507839,-0.139554,-0.035162013,-0.0,-0.0,0.0
14.431,-0.04820032,-0.09801516,-0.02538817,-0.0,-0.0,0.0
14.451,-0.0072723506,-0.05953065,-0.008894809,-0.0009688293,0.000118282405,0.00014481426
14.491,-0.01887879,0.018049236,-0.00034269542,-0.0,0.0,0.0
14.532,-0.03292869,-0.003941913,-0.0027861565,-0.0,-0.0,0.0
14.551,-0.021933116,-0.05953065,0.0008790351,-0.0,0.0,0.0
14.591,-0.009104946,-0.07846747,-0.006451348,-0.0,-0.0,0.0
14.632,-0.012770138,-0.044869885,-0.02294471,-0.0,-0.0,0.0
14.651,-0.024376577,-0.11511938,-0.025999036,-0.0,-0.0,0.0
14.692,0.0073884153,-0.24156849,-0.08342037,-0.0,-0.0,0.0
14.729,0.15766127,-0.10473468,-0.109687574,-0.0,-0.0,0.0
14.752,0.24868019,-0.017991813,-0.08525297,-0.0,-0.0,0.0
14.789,0.120398484,-0.17498417,-0.022333845,-0.0,-0.0,0.0
14.830,-0.013991868,0.18176113,0.0051550916,0.0,-0.0,-0.0
14.869,0.10451599,0.13777882,0.03630922,-0.0,-0.0,0.0
14.891,-0.023154845,0.05347942,0.029589701,0.0,-0.0,-0.0
14.929,-0.13372146,-0.07113709,0.0100420145,-0.0,0.0,0.0
14.970,-0.039037343,0.06752932,0.0021007655,0.0,-0.0,-0.0
14.989,0.001890628,0.103570364,0.0082094185,0.002888592,-5.306067e-05,-0.00022888581
15.029,-0.0042180247,0.08524442,0.016150665,0.0,-0.0,-0.0
15.069,-0.011548407,0.059588075,0.029589701,0.0,-0.0,-0.0
15.090,0.00066889747,0.060809802,0.02470278,-0.0,-0.0,0.0
15.130,0.023881776,0.044927306,0.016150665,-0.0,-0.0,0.0
15.170,0.009831876,-0.01982441,-0.007062213,-0.0,-0.0,0.0
15.191,-0.016435329,-0.028987389,0.0021007655,-0.0,0.0,0.0
15.229,0.001890628,0.046759903,0.0014899004,-0.0,-0.0,0.0
15.269,-0.011548407,0.020492697,-0.004618752,-0.0,0.0,0.0
15.291,-0.020711387,-0.017991813,0.0021007655,-0.0,0.0,0.0
15.330,-0.055530705,-0.00821797,0.010652878,-0.0,0.0,0.0
15.373,-0.021933116,0.021714427,0.0039333613,0.0,-0.0,-0.0
15.390,-0.015213599,0.005831931,-0.00034269542,-0.0,0.0,0.0
15.430,-0.000552833,0.00094500853,0.036920086,0.0,-0.0,-0.0
15.470,-0.07507839,0.071194515,0.045472197,0.0,-0.0,-0.0
15.491,-0.12822366,0.03820779,0.031422295,0.0,-0.0,-0.0
15.531,-0.10684338,0.104792096,0.0045442265,0.004211058,0.0042926646,-0.00019163356
15.570,-0.17770375,0.22696514,-0.03332942,-0.0,0.0,0.0
15.610,-0.40983254,-0.056476325,-0.021112114,-0.0,-0.0,0.0
15.630,-0.42204988,-0.2537858,-0.043103263,-0.0,-0.0,0.0
15.671,-0.19908403,-0.009439701,0.0051550916,-0.0,0.0,0.0
15.710,-0.03964821,0.17015468,0.03203316,0.0,-0.0,-0.0
15.731,-0.059195895,0.17076555,0.035698354,0.0,-0.0,-0.0
15.771,-0.09096089,0.029655676,0.026535375,0.0,-0.0,-0.0
15.810,-0.017046195,0.116398536,0.041807007,0.0,-0.0,-0.0
15.830,-0.039037343,0.085855275,0.05158085,0.0,-0.0,-0.0
15.869,0.06297715,-0.034485176,0.09739575,-0.0,-0.0,-0.0
15.910,-0.045145996,0.103570364,0.04425047,0.0,-0.0,-0.0
15.929,-0.028652634,0.049203362,0.023481049,0.0,-0.0,-0.0
15.969,0.014107933,-0.03020912,0.01431807,-0.0,-0.0,-0.0
16.010,0.014718798,-0.0076071047,-0.007062213,-0.0,-0.0,0.0
16.030,0.008610145,0.052868553,-0.006451348,0.0,-0.0,0.0
16.069,0.095353015,0.11090075,0.014928936,-0.0,-0.0,0.0
16.110,0.1252854,0.18237197,0.02470278,-0.0,-0.0,0.0
16.130,0.097185604,0.15915911,0.031422295,-0.0,-0.0,0.0
16.171,0.053814176,0.09868345,0.04119614,-0.0,-0.0,0.0
16.212,0.110013776,0.18848063,0.073571995,-0.0,-0.0,0.0
16.231,0.12589628,0.22024563,0.07968065,-0.0,-0.0,0.0
16.270,0.15582867,0.27033657,0.10839132,-0.0,-0.0,0.0
16.310,0.17232203,0.31492975,0.10900218,-0.0,-0.0,0.0
16.330,0.18270674,0.3173732,0.10411526,0.0322908,-0.01881342,-0.010321386
16.371,0.16865684,0.2959929,0.09861748,-0.0,-0.0,0.0
16.409,0.16499165,0.25506496,0.073571995,-0.0,-0.0,0.0
16.449,0.13322665,0.21047178,0.054024313,-0.0,-0.0,0.0
16.471,0.08252484,0.06630759,0.018594127,-0.0,-0.0,0.0
16.511,0.004334089,-0.011272296,-0.006451348,-0.0,-0.0,0.0
16.534,0.0049449545,0.029655676,0.00026816985,-0.0,-0.0,0.0
16.570,0.097185604,0.18237197,0.02470278,-0.0,-0.0,0.0
16.610,0.23829547,0.37418368,0.061965562,-0.0,-0.0,0.0
16.650,0.21813692,0.43404847,0.07968065,-0.0,-0.0,0.0
16.671,0.22791077,0.4829177,0.08578931,-0.0,-0.0,0.0
16.710,0.3623011,0.7009966,0.14015631,-0.0,-0.0,0.0
16.753,0.38979006,0.8506586,0.12366295,-0.0,-0.0,0.0
16.771,0.32931438,0.70832694,0.093730554,-0.0,-0.0,0.0
16.810,0.16621338,0.50307626,0.055856906,-0.0,-0.0,0.0
16.850,0.11978762,0.517737,-0.017446922,0.0,-0.0,0.0
16.869,0.0428186,-0.024100466,-0.018668653,-0.00033995602,-0.0006041761,0.000263295
16.909,-0.17770375,-0.17009726,-0.10785498,-0.0,-0.0,0.0
16.949,-0.08668483,-0.248288,-0.10846584,-0.0,-0.0,0.0
16.968,-0.11661723,-0.26294878,-0.08219864,-0.0,-0.0,0.0
17.010,-0.21069047,-0.34175038,-0.05165538,-0.0,-0.0,0.0
17.049,-0.36462852,-0.63618743,-0.012560001,-0.0,-0.0,0.0
17.069,-0.4049456,-0.7369802,0.0008790351,-0.0,0.0,0.0
17.111,-0.3065963,-0.65390253,-0.020501249,-0.0,-0.0,0.0
17.150,-0.3206462,-0.8255557,-0.062040083,-0.0,-0.0,0.0
17.170,-0.35913074,-0.90985507,-0.099913724,-0.0,-0.0,0.0
17.212,-0.37806755,-0.78951466,-0.15061554,-0.0,-0.0,0.0
17.250,-0.2962116,-0.79623413,-0.12740266,-0.0,-0.0,0.0
17.292,-0.20946875,-0.58365303,-0.1109093,-0.0,-0.0,0.0
17.310,-0.12455848,-0.50057536,-0.09624854,-0.0,-0.0,0.0
17.349,0.04526206,-0.28799427,-0.06998133,-0.0,-0.0,0.0
17.389,0.0055558197,-0.14871699,0.019204993,-0.0,-0.0,-0.0
17.411,-0.028041769,-0.024100466,0.12732814,-0.0008553268,0.0009997779,-0.0045304163
17.451,0.001890628,0.0015558738,0.17314303,-0.0,-0.0,0.0
17.472,-0.012159273,-0.10412381,0.23728389,-0.0,0.0,0.0
17.510,0.01960572,-0.04425902,0.30142474,-0.0,-0.0,-0.0
17.550,-0.000552833,-0.114508525,0.18474948,-0.0,0.0,0.0
17.592,0.0012797627,-0.027154792,0.038141817,-0.0,-0.0,-0.0
17.611,0.0055558197,0.084633544,-0.052266244,0.0,-0.0,0.0
17.651,0.004334089,0.0076645263,-0.008283943,0.0,-0.0,0.0
17.690,0.028157834,0.027212214,0.00026816985,-0.0,-0.0,0.0
17.710,0.03243389,0.05470115,0.0063768225,-0.0,-0.0,0.0
17.749,0.055035904,0.09807259,0.0039333613,-0.0,-0.0,0.0
17.789,0.025103508,0.11151162,-0.021722978,0.0,-0.0,0.0
17.812,0.018994855,0.11151162,-0.029053362,0.0,-0.0,0.0
17.848,0.045872923,0.14449833,-0.019890383,0.0,-0.0,0.0
17.890,0.044651195,0.12372892,-0.010116539,0.0,-0.0,0.0
17.909,0.028157834,0.13533536,-0.00034269542,0.0,-0.0,0.0
17.949,0.0079992805,0.046149038,-0.0027861565,0.0,-0.0,0.0
17.990,0.015329664,0.04798163,0.003322496,-0.0,-0.0,0.0
18.012,0.015940528,0.07547057,-0.007062213,0.0,-0.0,0.0
18.050,-0.0036071595,0.03026654,-0.021722978,-0.0,0.0,0.0
18.091,-0.012159273,-0.039372098,-0.01500346,-0.0,-0.0,0.0
18.129,-0.002996294,-0.05464373,-0.00034269542,-0.0,-0.0,0.0
18.149,-0.0011636983,-0.03020912,0.0045442265,-0.0,0.0,0.0
18.191,0.010442741,-0.022878736,0.0069876877,-0.0,-0.0,-0.0
18.213,0.0061666844,-0.039982963,0.003322496,-0.0004356595,-6.71849e-05,-3.6216872e-05
18.251,-0.03292869,-0.11267593,-0.007062213,-0.0,-0.0,0.0
18.292,-0.022543982,-0.057698056,-0.015614326,-0.0,-0.0,0.0
18.332,-0.0042180247,-0.06014152,-0.02783163,-0.0,-0.0,0.0
18.350,0.011053607,-0.022878736,-0.022333845,-0.0,-0.0,0.0
18.390,0.026936105,-0.022878736,-0.013170866,-0.0,-0.0,0.0
18.431,-0.0042180247,-0.041204695,-0.052877106,-0.0,-0.0,0.0
18.451,-0.01887879,-0.036317773,-0.05532057,-0.0,-0.0,0.0
18.492,-0.026820038,-0.019213544,0.067463346,-0.0,0.0,0.0
18.530,-0.050032917,-0.11511938,0.047304794,-0.0,0.0,0.0
18.550,-0.027430905,-0.095571704,0.016761532,-0.0,0.0,0.0
18.592,0.035488218,-0.0063853743,-0.035162013,-0.0,-0.0,0.0
18.630,0.036709946,0.04798163,-0.01500346,0.0,-0.0,0.0
18.650,0.025714373,0.049814228,-0.004007887,0.0,-0.0,0.0
18.690,0.011053607,-0.05220027,-0.03210769,-0.0,-0.0,0.0
18.730,0.012275337,0.0003341433,-0.046768457,0.0,-0.0,0.0
18.750,-0.021322252,-0.021046141,-0.09136162,-0.0005437822,0.00054961845,0.002357902
18.790,-0.026209174,-0.1236715,-0.08586383,-0.0,-0.0,0.0
18.830,0.059311964,0.09196393,0.04119614,-0.0,-0.0,0.0
18.850,0.051370714,0.0748597,0.082124114,-0.0,-0.0,0.0
18.890,-0.026209174,-0.055254593,0.0063768225,-0.0,0.0,0.0
18.930,0.029990429,0.029044809,0.023481049,-0.0,-0.0,0.0
18.971,0.022660045,0.03515346,0.02225932,-0.0,-0.0,0.0
18.990,0.0025014933,-0.014937487,0.026535375,-0.0,-0.0,-0.0
19.030,0.015940528,-0.010661432,0.017983261,-0.0,-0.0,-0.0
19.069,-0.009104946,0.006442796,0.0021007655,0.0,-0.0,-0.0
19.090,-0.013991868,-0.013104891,-0.0033970214,-0.0,-0.0,0.0
19.130,0.011664472,-0.0069962395,-0.0076730787,-0.0,-0.0,0.0
19.152,0.016551394,-0.024100466,-0.002175291,-0.0,-0.0,0.0
19.190,0.0061666844,-0.021657005,-0.014392597,-0.0,-0.0,0.0
19.230,0.0037232237,-0.019213544,-0.0076730787,-0.0,-0.0,0.0
19.271,-0.1453279,-0.15726909,0.04486133,-0.0,0.0,0.0
19.293,-0.17220597,-0.14688438,0.04791566,-0.009101027,0.0107016275,-0.0029252633
19.331,-0.06958061,-0.12489323,0.028367972,-0.0,0.0,0.0
19.370,0.004334089,0.014384043,-0.01622519,0.0,-0.0,0.0
19.389,0.012886203,0.03576433,-0.0027861565,0.0,-0.0,0.0
19.429,-0.018267926,-0.038761236,0.026535375,-0.0,0.0,0.0
19.469,0.0073884153,-0.003941913,0.01309634,-0.0,-0.0,-0.0
19.490,0.012275337,-0.00821797,0.0021007655,-0.0,-0.0,-0.0
19.530,-0.012159273,0.02110356,-0.0027861565,-0.0,0.0,0.0
19.571,0.025103508,0.0070536607,-0.046157587,0.0,-0.0,0.0
19.589,0.039764274,0.0076645263,-0.06814873,0.0,-0.0,0.0
19.630,0.083746575,0.05470115,-0.046157587,0.0,-0.0,0.0
19.670,0.043429468,0.030877406,-0.00034269542,0.0,-0.0,0.0
19.691,0.035488218,0.02782308,0.043639604,-0.0,-0.0,0.0
19.730,0.061144557,0.04004038,0.04425047,-0.0,-0.0,0.0
19.770,0.022660045,0.05347942,-0.01133827,0.0,-0.0,0.0
19.810,0.02082745,0.062642395,0.00026816985,0.0011100052,-0.0003690593,-4.547053e-06
19.830,0.03121216,0.073027104,0.007598553,-0.0,-0.0,0.0
19.870,0.047094658,0.10051604,0.019204993,-0.0,-0.0,0.0
19.910,-0.0023854286,0.016827505,0.014928936,0.0,-0.0,-0.0
19.929,-0.009715811,-0.019213544,0.011263744,-0.0,0.0,0.0
19.970,0.03365562,0.0033884696,0.014928936,-0.0,-0.0,0.0
19.992,0.021438316,-0.0069962395,0.005765957,-0.0,-0.0,-0.0
20.029,-0.015824463,-0.026543928,0.0082094185,-0.0,0.0,0.0
20.069,0.0025014933,-0.014937487,0.0039333613,-0.0,-0.0,-0.0
20.110,0.023881776,0.0046102,0.0069876877,-0.0,-0.0,0.0
20.131,0.018994855,0.011329718,0.005765957,-0.0,-0.0,0.0
20.171,0.009221011,0.017438369,0.0051550916,-0.0,-0.0,0.0
20.209,0.0079992805,0.005221065,-0.004618752,0.0,-0.0,0.0
20.230,-0.0011636983,0.006442796,-0.0076730787,-0.0,0.0,0.0
20.271,-0.007883216,-0.013715757,-0.010727405,-0.0,-0.0,0.0
20.310,-0.012159273,0.0070536607,-0.0052296175,-0.0,0.0,0.0
20.330,-0.00482889,0.011940584,-0.002175291,-0.0,0.0,0.0
20.369,-0.01765706,-0.041204695,0.0063768225,-0.0,0.0,0.0
20.410,0.00066889747,-0.0069962395,0.0045442265,-0.0,-0.0,-0.0
20.429,0.0055558197,0.009497122,0.002711631,-0.0,-0.0,0.0
20.471,-0.010937542,0.0082753915,-0.0058404827,-0.0,0.0,0.0
20.510,-0.007883216,0.015605775,-0.008283943,-0.0,0.0,0.0
20.532,-0.009715811,0.0070536607,-0.004007887,-0.0,0.0,0.0
20.569,-0.010937542,-0.01982441,0.0039333613,-0.0,0.0,0.0
20.611,-0.000552833,-0.0014984524,0.005765957,-0.0,0.0,0.0
20.651,0.0031123583,0.026601348,-0.00095356064,0.0,-0.0,0.0
20.671,-0.0011636983,0.009497122,-0.0076730787,-0.0,0.0,0.0
20.711,-0.010326677,-0.061974112,-0.018057788,-0.0,-0.0,0.0
20.750,0.0031123583,-0.030819984,-0.0033970214,-0.0,-0.0,0.0
20.770,0.011053607,-0.06502844,0.002711631,-0.0,-0.0,-0.0
20.810,0.012275337,-0.004552779,0.005765957,-0.0,-0.0,-0.0
20.849,-0.00482889,0.011329718,0.0039333613,0.0,-0.0,-0.0
20.869,0.0079992805,0.022936158,-0.0052296175,0.0,-0.0,0.0
20.908,-0.057974167,-0.10412381,-0.007062213,-0.0,-0.0,0.0
20.949,-0.1294454,-0.04181556,-0.024166439,-0.0,-0.0,0.0
20.968,-0.11967155,-0.002720183,-0.027220767,-0.0,-0.0,0.0
21.009,-0.021933116,0.06752932,0.003322496,0.0,-0.0,-0.0
21.049,-0.00482889,0.22757602,0.008820283,0.0,-0.0,-0.0
21.069,-0.024987442,0.26178446,0.01187461,0.0,-0.0,-0.0
21.110,-0.020711387,-0.042426422,0.0021007655,-0.0,0.0,0.0
21.149,-0.13188885,-0.03509604,-0.007062213,-0.0,-0.0,0.0
21.169,-0.119060695,0.010107988,-0.00034269542,0.00032414164,0.0038182538,1.03712e-05
21.209,0.050759844,0.03026654,0.025313644,-0.0,-0.0,0.0
21.249,0.07580532,0.13350277,-0.002175291,0.0,-0.0,0.0
21.269,0.10390512,0.1365571,-0.006451348,0.0,-0.0,0.0
21.310,0.092909545,0.062642395,-0.008283943,0.0,-0.0,0.0
21.350,0.0568685,0.10234864,-0.020501249,0.0,-0.0,0.0
21.389,0.061144557,0.08157922,-0.019279517,0.0,-0.0,0.0
21.409,0.047094658,0.04004038,-0.017446922,0.0,-0.0,0.0
21.451,0.0055558197,-0.024100466,-0.014392597,-0.0,-0.0,0.0
21.490,0.0067775496,-0.05464373,-0.010116539,-0.0,-0.0,0.0
21.509,0.0049449545,-0.022878736,-0.010727405,-0.0,-0.0,0.0
21.549,-0.009715811,0.0082753915,-0.01133827,-0.0,0.0,0.0
21.590,0.0012797627,-0.020435274,-0.008894809,-0.0,-0.0,0.0
21.611,0.008610145,-0.03020912,-0.006451348,-0.0,-0.0,0.0
21.649,0.013497068,-0.029598253,-0.00034269542,-0.0,-0.0,0.0
21.689,0.018994855,-0.021657005,0.0039333613,-0.00016902288,-0.00014824145,-3.071018e-05
21.710,0.013497068,-0.016770083,0.00026816985,-0.0,-0.0,-0.0
21.749,-0.0072723506,-0.0014984524,0.0008790351,-0.0,0.0,0.0
21.790,0.0012797627,-0.020435274,-0.00095356064,-0.0,-0.0,0.0
21.810,0.001890628,-0.049145944,-0.019890383,-0.0,-0.0,0.0
21.850,-0.013381003,-0.115730256,-0.030885957,-0.0,-0.0,0.0
21.892,0.012886203,-0.14016485,-0.0027861565,-0.0,-0.0,0.0
21.909,0.029379563,-0.09740429,0.01309634,-0.0,-0.0,-0.0
21.949,0.047094658,0.016827505,0.013707205,-0.0,-0.0,0.0
21.990,-0.00482889,0.06752932,-0.00034269542,-0.0,0.0,0.0
22.009,-0.011548407,0.03515346,-0.006451348,-0.0,0.0,0.0
22.050,-0.023154845,-0.036317773,-0.012560001,-0.0,-0.0,0.0
22.092,-0.006661486,0.005831931,-0.00034269542,-0.0,0.0,0.0
22.110,0.008610145,0.019270966,0.0045442265,-0.0,-0.0,0.0
22.149,0.042207733,0.0076645263,0.0008790351,-0.0,-0.0,0.0
22.188,0.029379563,-0.01982441,0.0008790351,-0.0,-0.0,-0.0
22.229,0.009831876,-0.013104891,0.0014899004,-5.7870322e-05,-4.341661e-05,-6.580541e-06
22.248,0.010442741,-0.003941913,-0.004618752,-0.0,-0.0,0.0
22.288,0.012886203,0.033931732,-0.01133827,0.0,-0.0,0.0
22.330,-0.018267926,0.017438369,-0.0027861565,-0.0,0.0,0.0
22.349,-0.01765706,0.016827505,-0.004618752,-0.0,0.0,0.0
22.390,0.025714373,0.03576433,-0.002175291,0.0,-0.0,0.0
22.429,0.016551394,0.013773179,-0.0058404827,0.0,-0.0,0.0
22.452,0.0025014933,-0.0033310482,-0.0058404827,-0.0,-0.0,0.0
22.492,0.010442741,0.019270966,0.0008790351,-0.0,-0.0,0.0
22.531,-0.0036071595,0.00094500853,0.0063768225,0.0,-0.0,-0.0
22.549,-0.007883216,0.011329718,0.003322496,0.0,-0.0,-0.0
22.589,0.0037232237,0.03576433,0.0051550916,-0.0,-0.0,0.0
22.629,0.012275337,0.0186601,0.0021007655,-0.0,-0.0,0.0
22.650,-0.0017745636,0.010107988,-0.0027861565,-0.0,0.0,0.0
22.690,-0.013381003,-0.002720183,0.00026816985,-0.0,0.0,0.0
22.728,0.0055558197,0.033931732,0.0021007655,-0.0,-0.0,0.0
22.749,0.0037232237,0.017438369,0.0014899004,-0.0,-0.0,0.0
22.789,0.008610145,0.016216641,-0.007062213,0.0,-0.0,0.0
22.830,0.011053607,0.005221065,-0.008894809,0.0,-0.0,0.0
22.850,0.046483792,0.012551448,-0.0052296175,0.0,-0.0,0.0
22.889,0.14238964,0.051646825,-0.02538817,0.0,-0.0,0.0
22.930,0.16987857,0.031488273,-0.04860105,0.0,-0.0,0.0
22.949,0.08863349,0.014384043,-0.029053362,0.0,-0.0,0.0
22.991,-0.012770138,0.0046102,-0.0076730787,-0.0,0.0,0.0
23.029,0.014107933,0.05225769,0.005765957,0.0007635655,-0.00020617316,-8.417177e-05
23.068,0.0031123583,0.0186601,0.0100420145,-0.0,-0.0,0.0
23.090,0.0025014933,0.0015558738,0.007598553,-0.0,-0.0,0.0
23.129,-0.013381003,0.020492697,0.0021007655,0.0,-0.0,-0.0
23.170,-0.021322252,-0.024100466,-0.009505674,-0.0,-0.0,0.0
23.189,-0.010326677,-0.014937487,-0.0058404827,-0.0,-0.0,0.0
23.230,0.0073884153,0.006442796,0.0063768225,-0.0,-0.0,0.0
23.269,-0.000552833,-0.016159218,0.002711631,-0.0,0.0,0.0
23.290,-0.008494082,-0.010661432,0.0021007655,-0.0,0.0,0.0
23.330,-0.015213599,-0.0069962395,0.0021007655,-0.0,0.0,0.0
23.370,0.011053607,0.009497122,0.002711631,-0.0,-0.0,0.0
23.390,0.009221011,0.005221065,0.0021007655,-0.0,-0.0,0.0
23.429,-0.0292635,-0.010050566,-0.00095356064,-0.0,-0.0,0.0
23.471,-0.0017745636,-0.0014984524,-0.002175291,-0.0,-0.0,0.0
23.490,0.001890628,-0.002720183,0.00026816985,-0.0,-0.0,-0.0
23.530,-0.0017745636,-0.0069962395,0.003322496,-0.0,0.0,0.0
23.569,-0.00482889,-0.010661432,0.002711631,-3.4382938e-05,1.557327e-05,-8.744713e-06
23.590,-0.0072723506,0.0039993348,-0.00034269542,-0.0,0.0,0.0
23.630,-0.0042180247,0.005221065,-0.002175291,-0.0,0.0,0.0
23.671,-0.01887879,0.017438369,-0.007062213,-0.0,0.0,0.0
23.691,-0.01765706,-0.013715757,-0.0058404827,-0.0,-0.0,0.0
23.729,-0.0017745636,-0.004552779,0.0008790351,-0.0,0.0,0.0
23.771,0.0079992805,0.010107988,0.0014899004,-0.0,-0.0,0.0
23.789,0.014107933,-0.002720183,-0.00095356064,-0.0,-0.0,0.0
23.831,-0.024987442,-0.010661432,-0.004618752,-0.0,-0.0,0.0
23.869,-0.0072723506,0.015605775,-0.002175291,-0.0,0.0,0.0
23.890,-0.005439755,0.029655676,0.0021007655,0.0,-0.0,-0.0
23.930,5.80322e-05,-0.011883162,-0.00095356064,-0.0,-0.0,0.0
23.969,0.02082745,-0.02226787,-0.002175291,-0.0,-0.0,0.0
24.009,0.028157834,0.0027776044,-0.004618752,0.0,-0.0,0.0
24.029,-0.005439755,0.0082753915,-0.00034269542,-0.0,0.0,0.0
24.070,0.0061666844,0.031488273,0.0014899004,-0.0,-0.0,0.0
24.109,0.0709184,0.15121786,0.0014899004,0.006777764,-0.0031788878,-5.6002045e-05
24.130,-0.03781561,-0.18231456,-0.008283943,-0.0,-0.0,0.0
24.181,0.066642344,-0.0014984524,0.0008790351,-0.0,-0.0,-0.0
24.221,0.09046609,0.09501826,0.017372396,-0.0,-0.0,0.0
24.246,-0.026209174,0.005221065,0.0039333613,0.0,-0.0,-0.0
24.269,-0.0292635,-0.021046141,-0.004618752,-0.0,-0.0,0.0
24.310,-0.03781561,0.022936158,0.0021007655,0.0,-0.0,-0.0
24.330,-0.039037343,0.03820779,-0.00095356064,-0.0,0.0,0.0
24.370,-0.021933116,0.021714427,0.0014899004,0.0,-0.0,-0.0
24.411,0.014107933,0.0046102,0.0045442265,-0.0,-0.0,0.0
24.429,0.014107933,-0.003941913,0.0021007655,-0.0,-0.0,-0.0
24.470,0.0079992805,0.016216641,-0.001564426,0.0,-0.0,0.0
24.511,-0.014602734,0.005221065,-0.004007887,-0.0,0.0,0.0
24.529,-0.012770138,0.0046102,-0.00095356064,-0.0,0.0,0.0
24.569,-0.00605062,0.022325292,-0.001564426,-0.0,0.0,0.0
24.611,-0.00605062,-0.00821797,0.0014899004,-0.0,0.0,0.0
24.629,-0.00482889,0.013773179,0.0021007655,0.0,-0.0,-0.0
24.670,0.017162258,0.005221065,0.0039333613,-0.0,-0.0,0.0
24.712,0.0012797627,-0.002720183,-0.001564426,-0.0,-0.0,0.0
24.732,-0.00482889,-0.005163644,-0.001564426,-0.0,-0.0,0.0
24.771,0.0025014933,0.017438369,-0.0027861565,0.0,-0.0,0.0
24.809,-0.008494082,-0.011883162,-0.0033970214,-0.0,-0.0,0.0
24.831,-0.0042180247,-0.012494027,-0.00095356064,-0.0,-0.0,0.0
24.869,0.009831876,0.022936158,0.002711631,-0.0,-0.0,0.0
24.911,-0.0036071595,0.002166739,-0.002175291,2.755116e-06,4.586696e-06,2.7659903e-06
24.952,-0.007883216,0.015605775,-0.004007887,-0.0,0.0,0.0
24.969,-0.006661486,0.02110356,-0.004007887,-0.0,0.0,0.0
25.012,-0.005439755,0.005831931,-0.0033970214,-0.0,0.0,0.0
25.050,0.004334089,-0.00821797,0.0014899004,-0.0,-0.0,-0.0
25.071,0.0067775496,0.006442796,0.005765957,-0.0,-0.0,0.0
25.109,0.009221011,0.0070536607,0.003322496,-0.0,-0.0,0.0
25.150,0.001890628,-0.005774509,0.00026816985,-0.0,-0.0,-0.0
25.169,5.80322e-05,-0.00821797,-0.00034269542,-0.0,-0.0,0.0
25.210,0.0025014933,0.02110356,0.0069876877,-0.0,-0.0,0.0
25.250,-0.020711387,0.04187298,0.011263744,0.0,-0.0,-0.0
25.270,-0.018267926,0.05897721,0.008820283,0.0,-0.0,-0.0
25.309,-0.01765706,0.03026654,-0.0076730787,-0.0,0.0,0.0
25.351,-0.012159273,0.07180537,-0.038827207,-0.0,0.0,0.0
25.370,0.045872923,0.16038084,-0.05165538,0.0,-0.0,0.0
25.409,0.07580532,0.109068155,-0.06937047,0.0,-0.0,0.0
25.450,0.05442504,0.18664804,-0.0076730787,0.009744986,-0.0028393865,0.0004144383
25.469,0.03487735,0.16526777,-0.0076730787,0.0,-0.0,0.0
25.509,-0.026209174,0.084022686,-0.006451348,-0.0,0.0,0.0
25.550,0.0055558197,0.02415789,-0.013170866,0.0,-0.0,0.0
25.589,0.0025014933,-0.1975862,-0.030885957,-0.0,-0.0,0.0
25.610,0.0037232237,-0.17254072,-0.01500346,-0.0,-0.0,0.0
25.649,0.095353015,0.03942952,0.015539801,-0.0,-0.0,0.0
25.689,0.049538117,-0.011883162,0.009431149,-0.0,-0.0,-0.0
25.709,0.0287687,-0.023489602,0.0045442265,-0.0,-0.0,-0.0
25.749,-0.028041769,-0.026543928,0.0039333613,-0.0,0.0,0.0
25.789,-0.04758946,0.046149038,-0.01133827,-0.0,0.0,0.0
25.810,-0.051865514,0.060198937,-0.016836058,-0.0,0.0,0.0
25.849,-0.03842648,0.04004038,-0.010727405,-0.0,0.0,0.0
25.888,-0.0042180247,0.0070536607,-0.004007887,-0.0,0.0,0.0
25.910,0.014107933,0.0015558738,-0.0027861565,0.0,-0.0,0.0
25.950,0.034266487,0.005831931,0.009431149,-0.0,-0.0,0.0
25.989,0.017162258,0.013773179,0.0069876877,8.535956e-05,-0.00010636817,-4.3302975e-05
26.009,0.0055558197,0.015605775,0.0008790351,-0.0,-0.0,0.0
26.049,-0.007883216,-0.00821797,-0.004618752,-0.0,-0.0,0.0
26.088,-0.046367727,-0.01860268,-0.008894809,-0.0,-0.0,0.0
26.110,-0.036593884,-0.00821797,-0.008283943,-0.0,-0.0,0.0
26.150,-0.002996294,0.028433945,-0.00034269542,-0.0,0.0,0.0
26.189,0.015329664,0.006442796,-0.001564426,0.0,-0.0,0.0
26.210,0.017773125,0.002166739,-0.00034269542,0.0,-0.0,0.0
26.250,0.012275337,-0.009439701,0.0051550916,-0.0,-0.0,-0.0
26.290,0.0037232237,0.032710005,0.0008790351,-0.0,-0.0,0.0
26.311,-0.0017745636,0.013162313,-0.002175291,-0.0,0.0,0.0
26.350,-0.013991868,-0.011272296,0.0008790351,-0.0,0.0,0.0
26.391,-0.011548407,0.012551448,-0.0027861565,-0.0,0.0,0.0
26.410,-0.006661486,0.005221065,-0.0033970214,-0.0,0.0,0.0
26.451,5.80322e-05,0.0027776044,0.0014899004,-0.0,-0.0,0.0
26.490,0.0031123583,0.005831931,0.0082094185,-0.0,-0.0,0.0
26.531,0.014718798,0.0003341433,0.009431149,1.5667368e-06,-6.9081136e-05,-4.4264034e-05
26.550,0.012886203,-0.0063853743,0.0100420145,-0.0,-0.0,-0.0
26.589,-0.00482889,0.0186601,0.0051550916,0.0,-0.0,-0.0
26.630,-0.015824463,0.0039993348,0.0039333613,0.0,-0.0,-0.0
26.650,-0.0042180247,0.016216641,0.002711631,0.0,-0.0,-0.0
26.688,0.010442741,0.042483844,0.0051550916,-0.0,-0.0,0.0
26.730,-0.022543982,-0.020435274,0.003322496,-0.0,0.0,0.0
26.749,-0.0011636983,-0.025322197,0.0082094185,-0.0,0.0,0.0
26.789,0.03243389,0.022325292,0.0069876877,0.00023963868,-0.00034817183,-7.4967895e-05
26.831,0.0073884153,0.015605775,0.005765957,-0.0,-0.0,0.0
26.849,0.0073884153,0.013773179,0.005765957,-0.0,-0.0,0.0
26.892,0.0049449545,0.010107988,0.0021007655,-0.0,-0.0,0.0
26.930,0.001890628,-0.0063853743,-0.00034269542,-0.0,-0.0,0.0
26.949,0.0055558197,-0.004552779,0.002711631,-0.0,-0.0,-0.0
26.989,0.0025014933,0.015605775,0.0039333613,-0.0,-0.0,0.0
27.029,0.0037232237,-0.0063853743,0.0045442265,-0.0,-0.0,-0.0
27.050,0.015329664,0.0003341433,0.002711631,-0.0,-0.0,0.0
27.090,0.004334089,-0.0008875872,0.0008790351,-0.0,-0.0,-0.0
27.134,-0.0017745636,0.01988183,0.0008790351,0.0,-0.0,-0.0
27.149,-0.0023854286,0.013773179,-0.00095356064,-0.0,0.0,0.0
27.190,-0.0036071595,-0.03387431,0.002711631,-0.0,0.0,0.0
27.229,0.014107933,0.013773179,0.0063768225,-0.0,-0.0,0.0
27.271,0.026325237,0.021714427,0.007598553,-0.0,-0.0,0.0
27.290,0.010442741,0.0186601,0.0045442265,-0.0,-0.0,0.0
27.330,5.80322e-05,0.014384043,-0.0033970214,5.706759e-05,-2.2985377e-07,1.3477429e-05
27.371,-0.0017745636,0.0046102,-0.0033970214,-0.0,0.0,0.0
27.390,-0.00482889,0.013162313,0.0008790351,0.0,-0.0,-0.0
27.430,0.0067775496,0.030877406,0.0051550916,-0.0,-0.0,0.0
27.470,0.0079992805,-0.002720183,0.00026816985,-0.0,-0.0,-0.0
27.491,0.001890628,-0.011272296,-0.00095356064,-0.0,-0.0,0.0
27.529,0.015329664,0.03576433,0.00026816985,-0.0,-0.0,0.0
27.569,0.025103508,0.020492697,0.002711631,-0.0,-0.0,0.0
27.589,0.0049449545,-0.014326623,-0.002175291,-0.0,-0.0,0.0
27.630,-0.011548407,0.010107988,-0.004007887,-0.0,0.0,0.0
27.669,-0.0036071595,0.025990484,0.00026816985,0.0,-0.0,-0.0
27.690,0.008610145,0.024768753,0.0008790351,-0.0,-0.0,0.0
27.730,-0.006661486,-0.011272296,-0.004007887,-0.0,-0.0,0.0
27.768,-0.010326677,-0.012494027,-0.0027861565,-0.0,-0.0,0.0
27.789,5.80322e-05,0.010107988,-0.004007887,0.0,-0.0,0.0
27.828,0.0012797627,0.010718852,-0.00095356064,0.0,-0.0,0.0
27.868,-0.0017745636,-0.0076071047,0.002711631,-1.6884629e-05,3.938852e-06,-6.0186717e-06
27.889,0.0012797627,0.005831931,-0.00034269542,0.0,-0.0,0.0
27.928,0.043429468,0.046149038,0.0045442265,-0.0,-0.0,0.0
27.970,-0.09645868,-0.07113709,-0.018057788,-0.0,-0.0,0.0
28.008,-0.06347196,0.028433945,0.0082094185,0.0,-0.0,-0.0
28.029,0.035488218,0.07730316,0.007598553,-0.0,-0.0,0.0
28.068,0.0031123583,-0.08579786,0.0100420145,-0.0,-0.0,-0.0
28.108,0.0025014933,-0.021046141,-0.0027861565,-0.0,-0.0,0.0
28.128,5.80322e-05,0.006442796,-0.01133827,2.2554152e-05,-2.0270437e-07,3.9691622e-05
28.168,0.0025014933,0.011940584,-0.010727405,0.0,-0.0,0.0
28.210,-0.006661486,-0.0021093178,0.0069876877,-0.0,0.0,0.0
28.229,-0.007883216,-0.010661432,0.0082094185,-0.0,0.0,0.0
28.269,-0.0023854286,-0.016770083,-0.00034269542,-0.0,-0.0,0.0
28.308,-0.006661486,0.009497122,-0.004007887,-0.0,0.0,0.0
28.329,-0.012159273,0.02415789,-0.006451348,-0.0,0.0,0.0
28.369,-0.0011636983,0.0027776044,-0.0027861565,-0.0,0.0,0.0
28.410,-0.002996294,-0.0033310482,0.0014899004,-4.221911e-06,3.797637e-06,-1.8883562e-06
28.429,-0.0017745636,-0.004552779,0.0021007655,-0.0,0.0,0.0
28.469,-0.017046195,0.011940584,-0.00095356064,-0.0,0.0,0.0
28.512,0.0079992805,-0.0008875872,0.003322496,-0.0,-0.0,-0.0
28.528,0.015329664,-0.015548353,0.002711631,-0.0,-0.0,-0.0
28.570,-0.01887879,0.002166739,-0.0033970214,-0.0,0.0,0.0
28.608,0.001890628,0.012551448,-0.0076730787,0.0,-0.0,0.0
28.630,0.0037232237,-0.0021093178,-0.006451348,-0.0,-0.0,0.0
28.669,-0.01765706,0.03026654,-0.0027861565,0.00028558238,0.00016660964,2.6265416e-05
28.709,-0.024987442,0.036375195,0.018594127,0.0,-0.0,-0.0
28.729,-0.105010785,-0.041204695,0.06929594,-0.0,0.0,0.0
28.769,-0.47947118,-0.2977681,0.15359536,-0.0,0.0,0.0
28.810,-0.49962974,-0.21896647,0.20918408,-0.0,0.0,0.0
28.829,-0.29743335,0.13350277,0.15298449,0.0,-0.0,-0.0
28.871,0.12589628,0.33569917,0.15115188,-0.0,-0.0,0.0
28.908,-0.03842648,0.11090075,0.112667374,0.0,-0.0,-0.0
28.950,-0.12822366,-0.049145944,0.025924511,-0.0018408415,0.0048097842,-0.0009678446
28.968,-0.1276128,-0.083965264,-0.008894809,-0.0,-0.0,0.0
29.008,-0.055530705,-0.23301639,-0.014392597,-0.0,-0.0,0.0
29.049,0.095353015,0.11151162,0.00026816985,-0.0,-0.0,0.0
29.068,0.13322665,0.23063034,-0.00034269542,0.0,-0.0,0.0
29.112,0.30671236,0.21474785,0.047304794,-0.0,-0.0,0.0
29.135,0.28472123,0.19581102,0.05280258,-0.0,-0.0,0.0
29.169,0.21447174,0.08829874,0.02470278,-0.0,-0.0,0.0
29.209,0.22180212,0.03576433,-0.004618752,0.0021581019,-0.013371385,0.00029289423
29.248,0.20897396,0.03515346,-0.028442496,0.0,-0.0,0.0
29.269,0.17537636,-0.0069962395,-0.04493586,-0.0,-0.0,0.0
29.308,0.081303105,-0.14321919,-0.03332942,-0.0,-0.0,0.0
29.349,0.08008138,-0.23790331,-0.046157587,-0.0,-0.0,0.0
29.368,0.09657474,-0.27089003,-0.05532057,-0.0,-0.0,0.0
29.408,0.058701094,-0.26844656,-0.04554672,-0.0,-0.0,0.0
29.448,-0.062250223,-0.31670493,-0.052877106,-0.0,-0.0,0.0
29.469,-0.10073473,-0.37107193,-0.22880629,-0.0,-0.0,0.0
29.508,-0.08118704,-0.27516606,-0.122515745,-0.0,-0.0,0.0
29.548,0.020216586,-0.13588881,-0.01622519,-0.0,-0.0,0.0
29.568,0.011664472,-0.13405621,-0.06020749,-0.0,-0.0,0.0
29.608,0.02082745,-0.22385341,-0.07914431,-0.0,-0.0,0.0
29.649,0.08924435,-0.19331014,-0.12068315,-0.0,-0.0,0.0
29.690,0.15216348,-0.14566265,-0.074868254,-0.0,-0.0,0.0
29.708,0.15949386,-0.14749524,-0.07914431,-0.0,-0.0,0.0
29.748,0.121620215,-0.07907834,-0.04493586,-0.003218393,-0.004959683,0.0018234226
29.788,-0.023154845,-0.094349965,-0.016836058,-0.0,-0.0,0.0
29.809,-0.07813272,-0.102902085,-0.018668653,-0.0,-0.0,0.0
29.848,-0.12700194,-0.047313347,-0.0076730787,-0.0,-0.0,0.0
29.889,-0.015213599,0.20008709,0.0021007655,0.0,-0.0,-0.0
29.908,-0.20213836,-0.042426422,-0.002175291,-0.0,-0.0,0.0
29.950,-0.240012,-0.01860268,0.01431807,-0.0,0.0,0.0
29.989,0.06053369,0.15854825,0.015539801,-0.0,-0.0,0.0
30.009,0.08557917,0.14999613,0.016150665,0.0069797654,-0.0039856797,-0.0007377829
30.049,0.10695945,0.20863919,0.040585276,-0.0,-0.0,0.0
30.089,0.22119126,0.48658288,0.12060862,-0.0,-0.0,0.0
30.109,0.2553997,0.5409499,0.13526939,-0.0,-0.0,0.0
30.149,0.22607817,0.4529853,0.17069957,-0.0,-0.0,0.0
30.191,0.254178,0.6026473,0.15115188,-0.0,-0.0,0.0
30.210,0.20530877,0.5916517,0.1035044,-0.0,-0.0,0.0
30.251,0.009831876,0.27766696,0.02470278,-0.0,-0.0,0.0
30.289,-0.19419712,-0.08518699,-0.05104451,-0.0050022,0.011356587,0.0030155082
30.309,-0.19725145,-0.13100187,-0.060818356,-0.0,-0.0,0.0
30.350,-0.014602734,-0.094349965,-0.03271855,-0.0,-0.0,0.0
30.389,0.011664472,-0.079689205,-0.012560001,-0.0,-0.0,0.0
30.412,0.016551394,-0.061363246,-0.004618752,-0.0,-0.0,0.0
30.449,-0.022543982,-0.024711333,-0.008894809,-0.0,-0.0,0.0
30.489,-0.10256733,-0.1639886,-0.023555575,-0.0,-0.0,0.0
30.510,-0.13433231,-0.2360707,-0.028442496,-0.0,-0.0,0.0
30.549,-0.17037337,-0.2519532,-0.022333845,-0.020619223,0.013913574,0.0019702625
30.588,-0.14227358,-0.33564174,-0.039438073,-0.0,-0.0,0.0
30.610,-0.1502148,-0.3099854,-0.05532057,-0.0,-0.0,0.0
30.649,-0.11295204,-0.2922703,-0.052266244,-0.0,-0.0,0.0
30.689,-0.028652634,-0.11939545,-0.02783163,-0.0,-0.0,0.0
30.731,-0.048811186,-0.03265258,-0.038827207,-0.0,-0.0,0.0
30.749,-0.06835887,-0.06869362,-0.030885957,-0.0,-0.0,0.0
30.789,-0.046978593,-0.05708719,-0.013170866,-0.0,-0.0,0.0
30.830,-0.011548407,0.011329718,-0.008894809,5.6146982e-05,5.7233272e-05,4.407962e-05
30.850,-0.010326677,0.014384043,-0.0027861565,-0.0,0.0,0.0
30.889,-0.07446753,-0.14932783,0.0100420145,-0.0,0.0,0.0
30.931,-0.18808848,-0.3802349,-0.05532057,-0.0,-0.0,0.0
30.950,-0.19236451,-0.40589124,-0.068759605,-0.0,-0.0,0.0
30.989,-0.12150415,-0.6832241,-0.067537874,-0.0,-0.0,0.0
31.029,-0.38295448,-1.268433,-0.54095846,-0.0,-0.0,0.0
31.049,-0.6022551,-1.6832105,-0.6808466,-0.0,-0.0,0.0
31.090,-0.788569,-2.0882142,-0.7736981,-1.5477507,0.15370135,0.7957005
31.130,-0.43426716,-2.1370833,-0.48536968,-0.0,-0.0,0.0
31.152,-0.2858269,-2.1413593,-0.43344617,-0.0,-0.0,0.0
31.191,-0.28093997,-1.9397739,-0.63930774,-0.0,-0.0,0.0
31.230,-0.42938024,-1.4944531,-0.08891816,-0.0,-0.0,0.0
31.251,-0.20458181,-1.2348354,0.03203316,-0.0,0.0,0.0
31.291,0.15399608,-0.80051017,-0.08403123,-0.0,-0.0,0.0
31.332,-0.0573633,-1.4199276,0.22384486,-0.0,0.0,0.0
31.352,-0.22168605,-1.7882793,0.040585276,-0.0,0.0,0.0
31.391,-0.37684584,-1.4773489,-0.13167873,-0.0,-0.0,0.0
31.431,-0.02010052,-0.49263412,-0.14878294,-0.0,-0.0,0.0
31.451,-0.10806511,-0.5952595,-0.14633949,-0.0,-0.0,0.0
31.492,-0.29560074,-0.46148,-0.098692,-0.0,-0.0,0.0
31.532,-0.1752603,-0.24095763,-0.06387268,-0.0,-0.0,0.0
31.552,-0.23084903,-0.23179464,-0.07303566,-0.0,-0.0,0.0
31.591,-0.32919833,-0.36740673,-0.16710891,-0.0,-0.0,0.0
31.630,-0.23573595,-0.22079907,-0.09319422,-0.019992951,0.021161662,0.008612201
31.653,-0.26200315,-0.24523368,-0.093805075,-0.0,-0.0,0.0
31.691,-0.2699444,-0.2696683,-0.08342037,-0.0,-0.0,0.0
31.731,-0.11295204,-0.22629686,-0.034551147,-0.0,-0.0,0.0
31.752,0.0073884153,-0.13344534,-0.01133827,-0.0,-0.0,0.0
31.790,0.24562585,-0.08213267,-0.023555575,-0.0,-0.0,0.0
31.831,0.5608323,0.16221344,-0.07547912,0.0,-0.0,0.0
31.871,0.41850072,0.11151162,-0.14633949,0.0,-0.0,0.0
31.890,0.35435987,-0.18781234,-0.15061554,-0.021217424,-0.040859357,0.016857756
31.931,0.30426893,-0.032041714,-0.33509687,-0.0,-0.0,0.0
31.971,0.4191116,1.6502811,-0.7938566,0.0,-0.0,0.0
31.991,0.11062464,1.4224285,-0.9196949,0.0,-0.0,0.0
32.031,-0.14410616,0.1402223,-0.78591543,-0.0,0.0,0.0
32.069,-0.6132507,-0.45170614,-0.24224533,-0.0,-0.0,0.0
32.089,-0.55705106,0.14755267,-0.20009562,-0.0,0.0,0.0
32.129,-0.6395179,-0.30570936,-0.38152263,-0.0,-0.0,0.0
32.169,-0.2119122,-0.139554,-1.077909,-0.050992943,0.05550019,0.32300848
32.189,0.001890628,-0.21591215,-1.3967806,-0.0,-0.0,0.0
32.230,-0.19419712,-0.24645542,-1.2440643,-0.0,-0.0,0.0
32.268,-0.78368205,-0.15421477,-0.9319122,-0.0,-0.0,0.0
32.310,-0.9547244,-0.11756285,-0.7901915,-0.0,-0.0,0.0
32.330,-1.0268064,-0.03387431,-0.73032665,-0.0,-0.0,0.0
32.367,-1.092169,-0.07785661,-0.59166026,-0.0,-0.0,0.0
32.410,-0.8533207,-0.1853689,-0.5794429,-0.0,-0.0,0.0
32.428,-0.7598583,-0.06319584,-0.5458453,-0.029340336,0.18929815,0.14043517
32.469,-0.5417794,-0.06991536,-0.37174878,-0.0,-0.0,0.0
32.508,-0.031096095,-0.05586546,-0.23613667,-0.0,-0.0,0.0
32.528,0.0037232237,-0.020435274,-0.21719986,-0.0,-0.0,0.0
32.568,-0.24917498,0.05225769,-0.15183727,-0.0,0.0,0.0
32.609,-0.23207076,0.04553817,-0.06265095,-0.0,0.0,0.0
32.628,0.04404033,0.22024563,0.071739405,-0.0,-0.0,0.0
32.668,0.098407336,0.13350277,-0.3674727,0.0,-0.0,0.0
32.709,-0.1153955,0.02110356,-0.24591053,0.001466276,0.008446184,0.017964337
32.727,0.16376992,-0.19819707,-0.1548916,-0.0,-0.0,0.0
32.769,0.22791077,-0.01982441,0.010652878,-0.0,-0.0,-0.0
32.807,0.108792044,0.038818654,0.038141817,-0.0,-0.0,0.0
32.828,0.16193731,-0.025322197,-0.06387268,-0.0,-0.0,0.0
32.867,0.13444838,0.011940584,-0.12434834,0.0,-0.0,0.0
32.909,-0.06652629,-0.02593306,-0.03332942,-0.0,-0.0,0.0
32.929,-0.0872957,-0.014326623,0.1157217,-0.0,0.0,0.0
32.967,0.014718798,-0.055254593,0.137102,-0.0022043376,-0.0005807448,-0.005466263
33.009,0.24196066,-0.28616166,0.27882272,-0.0,-0.0,-0.0
33.047,-0.12455848,-0.51279265,0.17192131,-0.0,0.0,0.0
33.069,-0.29315728,-0.5989247,0.056467775,-0.0,0.0,0.0
33.108,-0.3774567,-0.33930695,-0.06937047,-0.0,-0.0,0.0
33.147,-0.32858747,-0.10901073,-0.2251411,-0.0,-0.0,0.0
33.168,-0.28277257,-0.22079907,-0.27706462,-0.0,-0.0,0.0
33.208,-0.14960396,-0.17009726,-0.15428074,-0.0,-0.0,0.0
33.247,0.17354377,-0.046091612,-0.039438073,-0.0,-0.0,0.0
33.267,0.35374904,-0.06075238,0.08029152,-0.0,-0.0,-0.0
33.308,0.7789112,-0.07602401,0.31730723,-0.0,-0.0,-0.0
33.347,1.1191632,-0.27944213,0.34968308,-0.0,-0.0,-0.0
33.368,1.0586874,-0.21285783,0.34601793,-0.0,-0.0,-0.0
33.407,0.41422468,-0.48286027,0.31608552,-0.0,-0.0,-0.0
33.447,-0.28521603,-0.041204695,0.33502233,-0.0,0.0,0.0
33.468,-0.62546796,0.07424884,0.39671972,0.0,-0.0,-0.0
33.507,-0.9186833,0.15976997,0.66000265,0.07958626,0.27589977,-0.21576212
33.548,-0.4263259,0.6936662,0.8218819,0.0,-0.0,-0.0
33.568,-0.21924259,0.55011284,0.8554795,0.0,-0.0,-0.0
33.608,0.34397516,0.25689754,0.92695075,-0.0,-0.0,0.0
33.647,0.7575309,-0.23301639,0.83471006,-0.0,-0.0,-0.0
33.668,0.76791567,-0.1957536,0.8731946,-0.0,-0.0,-0.0
33.708,0.48141983,0.02782308,1.0216349,-0.0,-0.0,0.0
33.748,-0.10439993,0.42244202,1.1273146,0.0,-0.0,-0.0
33.769,-0.20213836,0.7578071,1.0753909,0.28228363,0.01923129,-0.39536047
33.808,-0.15998866,1.0595745,0.9923133,0.0,-0.0,-0.0
33.848,-0.031096095,0.853102,1.0295761,0.0,-0.0,-0.0
33.888,0.25784317,0.87142795,0.9025161,-0.0,-0.0,0.0
33.908,0.32320574,0.8787584,0.85486865,-0.0,-0.0,0.0
33.949,0.1533852,0.42366377,0.9862046,-0.0,-0.0,0.0
33.970,0.18942626,0.46581346,1.0442368,-0.0,-0.0,0.0
34.010,0.2095848,0.776133,1.1462513,-0.0,-0.0,0.0
34.050,-0.06102849,0.78529596,1.3893757,0.34023893,-0.0734405,-0.6143303
34.096,-0.19175366,0.9294602,1.4712317,0.0,-0.0,-0.0
34.111,-0.1819798,1.0326964,1.5231553,0.0,-0.0,-0.0
34.150,-0.013991868,1.5500993,1.673428,0.0,-0.0,-0.0
34.188,-0.075689256,1.8860751,1.7210755,0.0,-0.0,-0.0
34.209,-0.22840557,1.9056228,1.7094691,0.0,-0.0,-0.0
34.251,-0.63585263,1.1878562,1.4748969,0.0,-0.0,-0.0
34.290,-0.71404344,0.63135797,1.0955496,0.0,-0.0,-0.0
34.312,-0.62791145,0.699164,0.91962034,0.28523973,0.17835832,-0.35744852
34.350,-0.48496896,0.82011527,0.7204783,0.0,-0.0,-0.0
34.389,-0.36951545,1.1029459,0.8108863,0.0,-0.0,-0.0
34.409,-0.48741245,0.9740533,0.9642135,0.0,-0.0,-0.0
34.450,-0.63157666,0.6661773,0.8652533,0.0,-0.0,-0.0
34.492,-0.3841762,0.52140224,0.3814481,0.0,-0.0,-0.0
34.510,-0.3707372,0.2770561,0.2476686,0.0,-0.0,-0.0
34.551,-0.40922168,-0.1536039,-0.060818356,-0.0,-0.0,0.0
34.588,-0.40616736,-0.24401195,-0.3149383,-0.038692895,0.060934376,0.049177572
34.608,-0.38356534,-0.19697532,-0.32104695,-0.0,-0.0,0.0
34.647,-0.3860088,0.0082753915,-0.19032179,-0.0,0.0,0.0
34.688,-0.3945609,0.026601348,-0.07120306,-0.0,0.0,0.0
34.729,-0.25467277,0.037596922,-0.06020749,-0.0,0.0,0.0
34.749,-0.17159511,-0.024100466,-0.08158778,-0.0,-0.0,0.0
34.790,-0.00605062,0.0003341433,-0.04127067,-0.0,0.0,0.0
34.829,0.07152927,0.0925748,-0.002175291,0.0,-0.0,0.0
34.849,0.08252484,0.15671565,-0.04493586,0.007688508,-0.004037808,0.0022188204
34.889,-0.034761287,0.16954382,-0.16344371,-0.0,0.0,0.0
34.931,-0.22901644,-0.08274353,-0.2746212,-0.0,-0.0,0.0
34.950,-0.27422047,-0.14383005,-0.22880629,-0.0,-0.0,0.0
34.990,-0.18808848,-0.24523368,0.09617401,-0.0,0.0,0.0
35.012,-0.072634935,-0.18475802,0.2440034,-0.0,0.0,0.0
35.049,0.051370714,0.08768787,0.6080791,-0.0,-0.0,0.0
35.089,0.00066889747,-0.04670248,0.68932414,-0.0,-0.0,-0.0
35.130,0.03915341,0.054090288,0.49262553,-0.0,-0.0,0.0
35.150,-0.03170696,-0.09862603,0.37656116,-0.0,0.0,0.0
35.193,-0.03964821,-0.062584974,0.21162754,-0.0,0.0,0.0
35.230,0.027546968,0.03515346,0.11694343,-0.0,-0.0,0.0
35.249,0.053203307,0.036986057,0.09678488,-0.0,-0.0,0.0
35.290,0.2468476,1.011927,0.22017966,-0.0,-0.0,0.0
35.328,-0.1874776,0.8476043,0.55432296,0.0,-0.0,-0.0
35.349,-0.40311304,0.6441861,0.74918896,0.0,-0.0,-0.0
35.388,-0.62241364,0.38823357,0.9556614,0.15732494,0.17952576,-0.32692087
35.429,-0.6718937,0.29721466,0.97581995,0.0,-0.0,-0.0
35.449,-0.66700685,0.21841304,1.0906626,0.0,-0.0,-0.0
35.489,-0.43487802,0.7743004,1.437634,0.0,-0.0,-0.0
35.529,-0.31148323,0.87570405,1.6728172,0.0,-0.0,-0.0
35.549,-0.29560074,0.807898,1.7473428,0.0,-0.0,-0.0
35.589,-0.31331584,0.77246785,1.655713,0.0,-0.0,-0.0
35.628,-0.4831364,0.7779656,1.4663447,0.0,-0.0,-0.0
35.651,-0.629744,0.78529596,1.4370232,0.47261152,0.1636159,-0.7672467
35.688,-0.99870664,0.5440042,1.3313435,0.0,-0.0,-0.0
35.728,-1.0506302,0.036375195,1.1358666,0.0,-0.0,-0.0
35.769,-0.97732633,0.09685085,1.0833323,0.0,-0.0,-0.0
35.790,-0.9131855,0.10051604,1.1578578,0.0,-0.0,-0.0
35.830,-0.7048804,-0.07296969,0.9715439,-0.0,0.0,0.0
35.872,-0.42876938,-0.24767713,0.53416437,-0.0,0.0,0.0
35.890,-0.4513714,-0.3277005,0.45841712,-0.0,0.0,0.0
35.929,-0.56987923,0.204974,0.49629074,0.049348477,0.11692682,-0.10705627
35.953,-0.59797907,0.36196637,0.4797974,0.0,-0.0,-0.0
35.990,-0.62791145,-0.005774509,0.36067864,-0.0,0.0,0.0
36.028,-0.43121284,0.016827505,0.20307542,0.0,-0.0,-0.0
36.070,-0.19847317,-0.040593825,0.27210322,-0.0,0.0,0.0
36.088,-0.14044099,-0.027154792,0.34968308,-0.0,0.0,0.0
36.131,-0.29071385,0.094407395,0.53660786,0.0,-0.0,-0.0
36.169,-0.5216209,-0.06380671,0.7131479,-0.0,0.0,0.0
36.190,-0.57110095,-0.02226787,0.9880373,0.019863663,0.17416468,-0.30664766
36.228,-0.35607642,0.34364042,1.3527238,0.0,-0.0,-0.0
36.269,-0.25833794,0.37845972,1.2769766,0.0,-0.0,-0.0
36.290,-0.3072072,0.17626333,1.170686,0.0,-0.0,-0.0
36.329,-0.69571745,-0.01738095,1.0136936,-0.0,0.0,0.0
36.371,-0.8356057,0.2611736,0.6123552,0.0,-0.0,-0.0
36.389,-0.83804905,-0.18231456,0.43886942,-0.0,0.0,0.0
36.431,-0.8850857,-0.52500993,0.21773618,-0.0,0.0,0.0
36.470,-0.7354237,-0.69177616,0.31180945,-0.18995728,0.21612042,-0.06857894
36.491,-0.5808748,-0.55127716,0.43642595,-0.0,0.0,0.0
36.530,-0.39089572,-0.49874276,0.28676397,-0.0,0.0,0.0
36.570,-0.75436056,-0.6826132,0.33929837,-0.0,0.0,0.0
36.611,-0.91501814,1.2092365,0.44436723,0.0,-0.0,-0.0
36.629,-0.70365876,1.5158908,0.2733249,0.0,-0.0,-0.0
36.670,-0.31026152,0.021714427,-0.18421313,-0.0,0.0,0.0
36.709,-0.34446996,-0.016159218,-0.010116539,-0.0,-0.0,0.0
36.731,-0.4489279,0.6851141,-0.02538817,0.15052901,0.0985391,-0.0018810044
36.768,-0.08057618,1.0229225,-0.21414554,-0.0,0.0,0.0
36.809,1.0800678,-0.70826954,-0.13045698,-0.0,-0.0,0.0
36.830,1.3909981,0.98016196,-0.293558,0.0,-0.0,0.0
36.870,0.18209587,1.1530368,-0.13473305,0.0,-0.0,0.0
36.909,0.45698524,-0.9043573,-0.12007228,-0.0,-0.0,0.0
36.929,0.7251551,-0.8121166,-0.22025418,-0.0,-0.0,0.0
36.970,1.7697346,-0.9379549,0.028978836,-0.0,-0.0,-0.0
37.009,-0.2839943,0.80362195,0.033865757,0.0,-0.0,-0.0
37.029,-0.54544467,0.22879775,0.01431807,0.0,-0.0,-0.0
37.071,0.0849683,-0.11756285,-0.0076730787,-0.0,-0.0,0.0
37.109,0.023881776,-0.010661432,-0.00034269542,-0.0,-0.0,0.0
37.129,-0.017046195,0.002166739,-0.00034269542,-0.0,0.0,0.0
37.169,-0.0011636983,-0.0008875872,0.00026816985,-0.0,0.0,0.0
37.209,0.00066889747,0.0003341433,-0.00034269542,0.0,-0.0,0.0
37.248,0.0012797627,0.00094500853,-0.00034269542,0.0,-0.0,0.0
37.272,-0.000552833,0.002166739,0.0008790351,1.3974956e-06,3.5656385e-07,-5.669571e-07
37.310,5.80322e-05,-0.0008875872,-0.00034269542,-0.0,-0.0,0.0
37.333,0.001890628,0.0027776044,0.0008790351,-0.0,-0.0,0.0
37.374,0.001890628,0.0015558738,0.00026816985,-0.0,-0.0,0.0
37.411,0.00066889747,0.00094500853,-0.00034269542,0.0,-0.0,0.0
37.431,0.001890628,-0.00027672196,-0.00034269542,-0.0,-0.0,0.0
37.470,0.00066889747,0.0015558738,-0.00034269542,0.0,-0.0,0.0
37.510,0.00066889747,0.0027776044,-0.00034269542,0.0,-0.0,0.0
37.550,0.001890628,0.00094500853,0.0008790351,-0.0,-0.0,0.0
37.570,0.00066889747,0.002166739,0.00026816985,-0.0,-0.0,0.0
37.609,-0.000552833,0.00094500853,-0.00034269542,-0.0,0.0,0.0
37.650,0.0012797627,0.00094500853,-0.00034269542,0.0,-0.0,0.0
37.668,5.80322e-05,0.0015558738,-0.00034269542,0.0,-0.0,0.0
37.711,-0.0011636983,0.0015558738,0.0008790351,0.0,-0.0,-0.0
37.749,-0.000552833,-0.00027672196,-0.00034269542,-0.0,-0.0,0.0
37.769,0.00066889747,0.0003341433,-0.00095356064,0.0,-0.0,0.0
37.810,0.00066889747,0.0015558738,-0.00034269542,7.2165653e-07,-3.1025277e-07,1.5895156e-07
37.848,0.001890628,0.00094500853,0.00026816985,-0.0,-0.0,0.0
37.870,0.00066889747,-0.00027672196,0.00026816985,-0.0,-0.0,-0.0
37.909,5.80322e-05,0.0003341433,0.00026816985,-0.0,-0.0,0.0
37.949,5.80322e-05,0.002166739,0.00026816985,-0.0,-0.0,0.0
37.969,0.0012797627,0.0015558738,-0.00034269542,0.0,-0.0,0.0
38.009,0.0025014933,0.0015558738,0.0008790351,-0.0,-0.0,0.0
38.049,0.001890628,0.002166739,-0.00034269542,0.0,-0.0,0.0
38.070,0.0012797627,0.002166739,0.00026816985,1.4719323e-06,-8.693823e-07,-1.8217538e-07
38.108,0.00066889747,0.0015558738,0.00026816985,-0.0,-0.0,0.0
38.150,0.0012797627,0.00094500853,0.00026816985,-0.0,-0.0,0.0
38.171,0.00066889747,0.00094500853,0.0008790351,-0.0,-0.0,0.0
38.209,0.00066889747,0.0003341433,-0.00095356064,0.0,-0.0,0.0
38.249,5.80322e-05,0.00094500853,-0.00034269542,0.0,-0.0,0.0
38.290,0.00066889747,0.00094500853,0.0008790351,-0.0,-0.0,0.0
38.309,0.00066889747,0.00094500853,0.00026816985,-0.0,-0.0,0.0
38.349,0.0012797627,0.0003341433,-0.00034269542,0.0,-0.0,0.0
38.389,-0.0011636983,0.0003341433,0.0008790351,0.0,-0.0,-0.0
38.410,0.0012797627,0.0015558738,-0.001564426,0.0,-0.0,0.0
38.450,0.00066889747,-0.00027672196,-0.00034269542,-0.0,-0.0,0.0
38.490,5.80322e-05,0.00094500853,-0.00034269542,0.0,-0.0,0.0
38.509,0.0012797627,0.00094500853,-0.00034269542,0.0,-0.0,0.0
38.550,0.00066889747,0.0015558738,-0.00095356064,0.0,-0.0,0.0
38.589,0.00066889747,0.0015558738,-0.00034269542,0.0,-0.0,0.0
38.610,-0.000552833,-0.00027672196,-0.00034269542,-5.2506365e-08,1.0489681e-07,6.502444e-08
38.651,0.001890628,0.00094500853,-0.00034269542,0.0,-0.0,0.0
38.689,0.00066889747,-0.0008875872,0.00026816985,-0.0,-0.0,-0.0
38.710,5.80322e-05,0.0015558738,0.00026816985,-0.0,-0.0,0.0
38.749,0.00066889747,0.00094500853,0.00026816985,-0.0,-0.0,0.0
38.790,-0.000552833,-0.00027672196,0.00026816985,-0.0,0.0,0.0
38.810,5.80322e-05,-0.00027672196,-0.00034269542,-0.0,-0.0,0.0
38.849,0.00066889747,0.002166739,-0.00034269542,0.0,-0.0,0.0
38.889,0.00066889747,-0.00027672196,-0.00034269542,-0.0,-0.0,0.0
38.909,0.0012797627,-0.00027672196,0.0008790351,-0.0,-0.0,-0.0
38.950,0.0012797627,0.002166739,0.00026816985,-0.0,-0.0,0.0
38.989,-0.0011636983,-0.00027672196,-0.00034269542,-0.0,-0.0,0.0
39.029,0.001890628,0.00094500853,0.0008790351,-0.0,-0.0,0.0
39.050,0.00066889747,-0.00027672196,0.00026816985,-0.0,-0.0,-0.0
39.090,5.80322e-05,0.00094500853,-0.001564426,0.0,-0.0,0.0
39.129,0.00066889747,-0.00027672196,0.00026816985,-0.0,-0.0,-0.0
39.149,5.80322e-05,-0.0008875872,-0.00034269542,-2.2711289e-07,-1.4849099e-08,8.768778e-08
39.192,0.00066889747,0.0015558738,-0.00095356064,0.0,-0.0,0.0
39.230,0.00066889747,0.00094500853,-0.00034269542,0.0,-0.0,0.0
39.250,0.0012797627,-0.00027672196,0.00026816985,-0.0,-0.0,-0.0
39.290,0.001890628,0.00094500853,0.00026816985,-0.0,-0.0,0.0
39.313,0.0012797627,0.0027776044,-0.00034269542,0.0,-0.0,0.0
39.349,5.80322e-05,0.0003341433,-0.00034269542,0.0,-0.0,0.0
39.389,5.80322e-05,0.00094500853,0.00026816985,-0.0,-0.0,0.0
39.429,0.00066889747,0.0015558738,-0.00034269542,0.0,-0.0,0.0
39.449,-0.000552833,0.0003341433,0.00026816985,0.0,-0.0,-0.0
39.491,0.001890628,0.0015558738,-0.00034269542,0.0,-0.0,0.0
39.528,-0.000552833,0.00094500853,0.00026816985,0.0,-0.0,-0.0
39.553,5.80322e-05,0.00094500853,0.00026816985,-0.0,-0.0,0.0
39.590,0.001890628,0.00094500853,-0.00095356064,0.0,-0.0,0.0
39.630,0.0012797627,0.002166739,-0.00095356064,0.0,-0.0,0.0
39.648,0.00066889747,-0.00027672196,-0.00034269542,-0.0,-0.0,0.0
39.690,0.001890628,0.0003341433,-0.00095356064,1.9228044e-07,-1.0879471e-06,5.4871913e-07
39.732,0.001890628,0.00094500853,0.00026816985,-0.0,-0.0,0.0
39.750,5.80322e-05,0.00094500853,0.0008790351,-0.0,-0.0,0.0
39.790,0.00066889747,0.00094500853,-0.00095356064,0.0,-0.0,0.0
39.830,-0.000552833,-0.0014984524,-0.00034269542,-0.0,-0.0,0.0
39.851,0.001890628,0.0003341433,0.00026816985,-0.0,-0.0,0.0
39.890,0.00066889747,0.002166739,0.00026816985,-0.0,-0.0,0.0
39.930,0.00066889747,0.00094500853,-0.00034269542,0.0,-0.0,0.0
39.969,-0.000552833,0.0003341433,0.00026816985,0.0,-0.0,-0.0
39.989,0.001890628,0.0015558738,0.00026816985,-0.0,-0.0,0.0
40.029,0.00066889747,0.0015558738,-0.00034269542,0.0,-0.0,0.0
40.070,0.0012797627,-0.00027672196,0.00026816985,-0.0,-0.0,-0.0
40.091,5.80322e-05,0.00094500853,0.00026816985,-0.0,-0.0,0.0
40.129,5.80322e-05,0.00094500853,0.00026816985,-0.0,-0.0,0.0
40.169,5.80322e-05,-0.0008875872,0.00026816985,-0.0,-0.0,-0.0
40.188,0.0012797627,0.00094500853,-0.00034269542,0.0,-0.0,0.0
40.229,5.80322e-05,0.00094500853,-0.00034269542,0.0,-0.0,0.0
40.269,5.80322e-05,0.00094500853,-0.00034269542,0.0,-0.0,0.0
40.290,5.80322e-05,0.0015558738,-0.00034269542,0.0,-0.0,0.0
40.330,5.80322e-05,0.00094500853,0.00026816985,-0.0,-0.0,0.0
40.368,5.80322e-05,0.00094500853,-0.00095356064,0.0,-0.0,0.0
40.390,0.00066889747,0.0003341433,-0.00095356064,0.0,-0.0,0.0
40.428,0.00066889747,0.0003341433,-0.00095356064,0.0,-0.0,0.0
40.468,5.80322e-05,0.002166739,-0.00095356064,0.0,-0.0,0.0
40.489,0.0012797627,0.0015558738,-0.00095356064,9.308869e-07,-7.6568784e-07,5.7052017e-07
40.529,0.001890628,0.0003341433,0.00026816985,-0.0,-0.0,0.0
40.569,0.0012797627,0.00094500853,-0.00034269542,0.0,-0.0,0.0
40.609,0.001890628,0.0015558738,0.00026816985,-0.0,-0.0,0.0
40.631,0.00066889747,-0.0008875872,-0.00095356064,-0.0,-0.0,0.0
40.670,0.00066889747,0.0015558738,0.00026816985,-0.0,-0.0,0.0
40.690,0.0025014933,0.002166739,0.00026816985,-0.0,-0.0,0.0
40.729,0.00066889747,-0.00027672196,-0.00034269542,-0.0,-0.0,0.0
40.769,0.00066889747,-0.00027672196,-0.00034269542,-0.0,-0.0,0.0
40.809,5.80322e-05,0.002166739,0.00026816985,-0.0,-0.0,0.0
40.833,5.80322e-05,0.0015558738,-0.00095356064,0.0,-0.0,0.0
40.869,0.00066889747,-0.00027672196,-0.00095356064,-0.0,-0.0,0.0
40.907,0.00066889747,0.0015558738,0.00026816985,-0.0,-0.0,0.0
40.928,5.80322e-05,0.0033884696,-0.00095356064,0.0,-0.0,0.0
40.969,-0.000552833,-0.0008875872,0.00026816985,-0.0,0.0,0.0
41.007,0.0012797627,0.00094500853,-0.00034269542,0.0,-0.0,0.0
41.028,0.001890628,0.0015558738,-0.00034269542,1.0325932e-06,-1.2547607e-06,2.2743873e-07
41.069,-0.000552833,0.0003341433,0.00026816985,0.0,-0.0,-0.0
41.109,0.00066889747,-0.0014984524,0.00026816985,-0.0,-0.0,-0.0
41.129,0.00066889747,0.00094500853,-0.00034269542,0.0,-0.0,0.0
41.171,0.001890628,0.0027776044,0.00026816985,-0.0,-0.0,0.0
41.209,0.0002932153,-0.00017959438,-0.00028405234,-0.0,-0.0,0.0
41.231,0.0009040806,0.00043127086,-0.00028405234,0.0,-0.0,0.0
42.114,0.0002932153,0.0010421361,-0.00028405234,1.5655221e-06,-4.4047476e-07,4.2671064e-07
42.152,0.0002932153,0.0016530013,0.00093767815,-0.0,-0.0,0.0
42.173,0.0009040806,-0.00017959438,-0.00028405234,-0.0,-0.0,0.0
42.211,-0.00031764994,-0.0014013249,-0.00028405234,-0.0,-0.0,0.0
42.251,0.0002932153,0.0010421361,-0.00028405234,3.131045e-07,-8.8095035e-08,8.5342094e-08
42.272,0.0002932153,0.0010421361,0.0003268129,-0.0,-0.0,0.0
42.315,-0.0009285152,0.00043127086,-0.00028405234,-0.0,0.0,0.0
42.351,-0.00031764994,0.00043127086,-0.00028405234,-0.0,0.0,0.0
42.372,0.0002932153,0.0022638666,0.0003268129,-0.0,-0.0,0.0
42.412,0.0015149459,0.00043127086,-0.00028405234,0.0,-0.0,0.0
42.452,0.0009040806,0.0016530013,0.0003268129,-0.0,-0.0,0.0
42.474,0.0002932153,0.0010421361,0.0003268129,-0.0,-0.0,0.0
42.511,0.0015149459,0.0016530013,-0.00028405234,0.0,-0.0,0.0
42.551,0.0009040806,-0.0007904596,0.0003268129,-0.0,-0.0,-0.0
42.574,0.0002932153,-0.0007904596,-0.00028405234,-0.0,-0.0,0.0
42.611,-0.0009285152,0.0016530013,-0.00028405234,-0.0,0.0,0.0
42.651,0.0009040806,-0.00017959438,-0.00028405234,-0.0,-0.0,0.0
42.672,0.0002932153,-0.00017959438,-0.00028405234,-0.0,-0.0,0.0
46.101,0.00020158553,0.0008735373,-0.00021991148,2.5973973e-06,-5.9939845e-07,6.5389094e-07
46.140,-0.00040927972,0.00026267205,0.00039095376,0.0,-0.0,-0.0
46.181,-0.00040927972,0.00026267205,-0.00021991148,-0.0,0.0,0.0
46.218,0.001423316,0.00026267205,0.00039095376,-0.0,-0.0,0.0
46.240,0.0008124508,0.00026267205,0.00039095376,-0.0,-0.0,0.0
46.280,0.0008124508,0.0008735373,-0.00083077676,0.0,-0.0,0.0
46.321,0.00020158553,0.00026267205,0.00039095376,-0.0,-0.0,0.0
46.342,0.00020158553,0.0014844026,0.00039095376,6.169067e-07,-8.37775e-08,-1.6247745e-07
46.380,0.00020158553,-0.0003481932,-0.00021991148,-0.0,-0.0,0.0
46.402,-0.0010201449,-0.0015699236,0.00039095376,-0.0,0.0,0.0
46.440,-0.0010201449,0.0008735373,0.001001819,0.0,-0.0,-0.0
46.482,-0.0016310102,-0.0003481932,-0.00021991148,-0.0,-0.0,0.0
46.522,0.00020158553,-0.00095905847,0.00039095376,-0.0,-0.0,-0.0
46.542,-0.00040927972,-0.0015699236,-0.00021991148,-0.0,-0.0,0.0
46.582,0.00020158553,0.0014844026,-0.00021991148,0.0,-0.0,0.0
46.621,-0.0010201449,0.0014844026,0.00039095376,7.344104e-07,5.047181e-07,-1.9342512e-07
46.641,0.00020158553,0.0008735373,-0.00083077676,0.0,-0.0,0.0
46.681,-0.00040927972,0.00026267205,-0.00021991148,-0.0,0.0,0.0
46.722,0.00020158553,0.00026267205,0.00039095376,-0.0,-0.0,0.0
46.742,-0.0016310102,-0.00095905847,-0.00083077676,-0.0,-0.0,0.0
46.782,0.0008124508,0.00026267205,-0.00021991148,0.0,-0.0,0.0
46.822,0.00020158553,0.0014844026,-0.00021991148,0.0,-0.0,0.0
46.842,-0.00040927972,0.0008735373,0.00039095376,0.0,-0.0,-0.0
46.882,0.0008124508,0.00026267205,-0.00021991148,6.217066e-08,-1.922953e-07,5.204986e-08
46.922,0.00020158553,0.0008735373,-0.00021991148,0.0,-0.0,0.0
46.941,0.00020158553,0.00026267205,-0.00021991148,0.0,-0.0,0.0
46.982,-0.00040927972,-0.0003481932,-0.00083077676,-0.0,-0.0,0.0
47.021,-0.0010201449,-0.0015699236,-0.00021991148,-0.0,-0.0,0.0
47.041,0.0008124508,0.0014844026,0.00039095376,-0.0,-0.0,0.0
47.082,0.00020158553,-0.00095905847,-0.00021991148,-0.0,-0.0,0.0
47.121,0.0008124508,0.00026267205,-0.00021991148,0.0,-0.0,0.0
47.142,0.00020158553,-0.0003481932,0.00039095376,-5.2435126e-08,-3.0357178e-08,-5.887453e-08
47.182,-0.0010201449,0.0008735373,0.00039095376,0.0,-0.0,-0.0
47.221,0.0008124508,-0.0003481932,-0.00021991148,-0.0,-0.0,0.0
47.262,0.00020158553,0.00026267205,-0.00021991148,0.0,-0.0,0.0
47.281,0.00020158553,0.0008735373,-0.00021991148,0.0,-0.0,0.0
47.322,0.001423316,-0.0015699236,-0.00021991148,-0.0,-0.0,0.0
47.361,-0.00040927972,-0.0003481932,0.001001819,-0.0,0.0,0.0
47.381,0.001423316,0.0008735373,0.00039095376,-0.0,-0.0,0.0
47.421,0.001423316,0.0020952679,-0.00083077676,1.4993298e-06,-1.0184943e-06,5.94487e-07
47.460,-0.00040927972,-0.0003481932,-0.00083077676,-0.0,-0.0,0.0
47.481,0.00020158553,0.00026267205,0.00039095376,-0.0,-0.0,0.0
47.521,0.00020158553,0.00026267205,0.00039095376,-0.0,-0.0,0.0
47.561,-0.00040927972,-0.0015699236,0.001001819,-0.0,0.0,0.0
47.581,0.00020158553,-0.0003481932,0.00039095376,-0.0,-0.0,-0.0
47.622,-0.00040927972,0.00026267205,-0.00021991148,-0.0,0.0,0.0
47.662,0.0008124508,0.0008735373,-0.001441642,0.0,-0.0,0.0
47.682,0.00020158553,-0.0015699236,-0.00021991148,-6.7344126e-07,-8.647304e-08,9.433416e-08
47.721,0.0008124508,0.0014844026,0.001001819,-0.0,-0.0,0.0
47.760,0.00020158553,-0.0003481932,-0.00083077676,-0.0,-0.0,0.0
47.781,-0.0010201449,0.00026267205,-0.00021991148,-0.0,0.0,0.0
47.820,0.00020158553,-0.00095905847,0.00039095376,-0.0,-0.0,-0.0
47.861,-0.0010201449,0.0014844026,-0.00021991148,-0.0,0.0,0.0
47.880,-0.00040927972,0.00026267205,0.00039095376,0.0,-0.0,-0.0
47.920,0.00020158553,-0.00095905847,-0.00021991148,-0.0,-0.0,0.0
47.961,0.0008124508,-0.0003481932,0.00039095376,-9.0338055e-08,-2.1078877e-07,-1.014322e-07
48.000,0.0008124508,0.00026267205,-0.00083077676,0.0,-0.0,0.0
48.020,0.00020158553,-0.0003481932,-0.00021991148,-0.0,-0.0,0.0
48.060,-0.00040927972,-0.00095905847,-0.00021991148,-0.0,-0.0,0.0
48.101,0.0008124508,0.00026267205,-0.00021991148,0.0,-0.0,0.0
48.121,-0.00040927972,0.00026267205,0.00039095376,0.0,-0.0,-0.0
48.162,0.00020158553,-0.0003481932,0.00039095376,-0.0,-0.0,-0.0
50.105,0.00013927728,-0.00043249258,0.0003799582,-9.352789e-05,-2.9760678e-05,-8.219432e-05
50.140,0.0013610078,0.0014001031,0.0009908235,-0.0,-0.0,0.0
50.178,-0.00047158796,0.00017837265,-0.0008417723,-0.0,0.0,0.0
50.199,-0.0010824533,0.00017837265,-0.00023090707,-0.0,0.0,0.0
50.241,0.00013927728,0.0014001031,-0.00023090707,0.0,-0.0,0.0
50.281,0.00013927728,0.00017837265,-0.0014526376,0.0,-0.0,0.0
50.300,-0.00047158796,-0.00043249258,0.0009908235,-0.0,0.0,0.0
50.339,0.00013927728,0.00017837265,-0.00023090707,0.0,-0.0,0.0
50.379,0.00013927728,0.0007892379,-0.00023090707,0.0,-0.0,0.0
50.420,0.00013927728,-0.0010433579,0.0003799582,-3.1342822e-07,-4.1839346e-08,-1.14140725e-07
50.440,-0.00047158796,0.00017837265,0.0003799582,0.0,-0.0,-0.0
50.481,-0.00047158796,0.0014001031,-0.00023090707,-0.0,0.0,0.0
50.521,0.00013927728,0.00017837265,0.0003799582,-0.0,-0.0,0.0
50.541,0.00013927728,0.00017837265,0.0009908235,-0.0,-0.0,0.0
50.584,0.00013927728,0.00017837265,0.0003799582,-0.0,-0.0,0.0
50.619,0.00013927728,-0.0016542231,0.0003799582,-0.0,-0.0,-0.0
51.109,-0.00047158796,0.0007892379,-0.00023090707,4.0166438e-07,2.400038e-07,1.17514766e-07
51.149,-0.00047158796,-0.00043249258,-0.00023090707,-0.0,-0.0,0.0
51.189,0.0007501425,-0.0016542231,0.0003799582,-0.0,-0.0,-0.0
51.210,0.0007501425,-0.00043249258,0.0009908235,-0.0,-0.0,-0.0
51.250,-0.00047158796,0.0020109685,0.0003799582,0.0,-0.0,-0.0
51.289,0.00013927728,-0.0016542231,0.0009908235,-0.0,-0.0,-0.0
51.309,0.0007501425,-0.0010433579,-0.0008417723,-0.0,-0.0,0.0
51.350,0.0007501425,0.00017837265,0.0003799582,-0.0,-0.0,0.0
51.390,-0.00047158796,-0.0010433579,0.0003799582,-0.0,0.0,0.0
51.410,0.00013927728,0.0007892379,-0.00023090707,0.0,-0.0,0.0
51.451,0.0013610078,0.0014001031,-0.00023090707,0.0,-0.0,0.0
51.490,-0.0016933185,-0.00043249258,0.0003799582,-2.0763866e-07,8.129585e-07,-1.8241701e-07
51.511,0.0013610078,0.0007892379,0.0003799582,-0.0,-0.0,0.0
51.550,0.0007501425,0.0007892379,-0.0008417723,0.0,-0.0,0.0
51.589,-0.00047158796,0.00017837265,-0.00023090707,-0.0,0.0,0.0
51.610,0.00013927728,0.0007892379,-0.00023090707,0.0,-0.0,0.0
51.789,0.00013927728,0.00017837265,-0.00023090707,-2.2806535e-05,1.7808388e-05,-2.9523668e-05
51.828,0.0007501425,0.0007892379,-0.00023090707,0.0,-0.0,0.0
51.850,-0.00047158796,0.00017837265,-0.0008417723,-0.0,0.0,0.0
51.890,0.0007501425,-0.00043249258,0.0009908235,-0.0,-0.0,-0.0
51.931,0.0013610078,0.0014001031,0.0003799582,-0.0,-0.0,0.0
51.950,0.0013610078,0.0026218335,-0.0014526376,0.0,-0.0,0.0
51.991,0.00013927728,-0.0010433579,0.0009908235,-0.0,-0.0,-0.0
52.029,0.00013927728,0.0007892379,-0.0008417723,2.462382e-07,-4.345377e-08,2.6262867e-07
52.050,0.00013927728,0.0014001031,0.0003799582,-0.0,-0.0,0.0
52.089,-0.00047158796,0.00017837265,-0.00023090707,-0.0,0.0,0.0
52.130,-0.00047158796,-0.0016542231,0.0003799582,-0.0,0.0,0.0
52.150,0.00013927728,0.00017837265,0.0009908235,-0.0,-0.0,0.0
52.190,-0.00047158796,-0.00043249258,0.0003799582,-0.0,0.0,0.0
52.232,-0.0010824533,0.00017837265,0.0003799582,0.0,-0.0,-0.0
52.250,-0.00047158796,-0.0010433579,-0.00023090707,-0.0,-0.0,0.0
52.428,-0.00047158796,-0.0010433579,0.0003799582,-3.378767e-07,1.5271712e-07,-1.2304406e-07
52.469,0.0007501425,-0.0010433579,-0.00023090707,-0.0,-0.0,0.0
52.489,-0.00047158796,0.0007892379,-0.00023090707,-0.0,0.0,0.0
52.530,-0.00047158796,0.0014001031,-0.00023090707,-0.0,0.0,0.0
52.570,-0.00047158796,0.00017837265,0.0003799582,3.0229156e-08,7.9920916e-08,-6.439224e-08
52.590,0.00013927728,-0.0010433579,-0.0008417723,-0.0,-0.0,0.0
52.629,0.00013927728,-0.00043249258,0.0003799582,-0.0,-0.0,-0.0
52.670,-0.00047158796,0.00017837265,-0.0008417723,-0.0,0.0,0.0
52.690,0.0007501425,-0.0016542231,-0.00023090707,-0.0,-0.0,0.0
52.729,0.0007501425,0.0007892379,0.0009908235,-0.0,-0.0,0.0
52.770,-0.00047158796,0.00017837265,-0.00023090707,-0.0,0.0,0.0
52.789,-0.00047158796,-0.0010433579,0.0003799582,-0.0,0.0,0.0
52.829,0.0013610078,0.0007892379,-0.00023090707,3.3688696e-07,-5.809474e-07,9.856299e-08
52.869,0.00013927728,0.0020109685,-0.00023090707,0.0,-0.0,0.0
52.891,-0.00047158796,0.00017837265,-0.00023090707,-0.0,0.0,0.0
52.930,-0.00047158796,-0.00043249258,0.0003799582,-0.0,0.0,0.0
52.970,-0.00047158796,0.0014001031,-0.00023090707,-0.0,0.0,0.0
52.989,0.00013927728,0.0014001031,-0.00023090707,0.0,-0.0,0.0
53.030,-0.00047158796,-0.0016542231,0.0009908235,-0.0,0.0,0.0
53.071,-0.0010824533,-0.0010433579,-0.00023090707,-0.0,-0.0,0.0
53.090,0.00013927728,-0.00043249258,-0.00023090707,-0.0,-0.0,0.0
53.136,-0.0010824533,0.00017837265,-0.00023090707,-0.0,0.0,0.0
53.169,0.00013927728,0.00017837265,0.0003799582,-0.0,-0.0,0.0
53.191,-0.00047158796,-0.00043249258,-0.00023090707,-0.0,-0.0,0.0
53.229,-0.00047158796,0.0007892379,-0.00023090707,-0.0,0.0,0.0
53.270,-0.0010824533,-0.00043249258,0.0003799582,-0.0,0.0,0.0
53.290,-0.00047158796,0.00017837265,0.0009908235,0.0,-0.0,-0.0
53.329,-0.00047158796,0.00017837265,0.0009908235,0.0,-0.0,-0.0
53.371,0.00013927728,-0.0010433579,0.0003799582,-3.1342822e-07,-4.1839346e-08,-1.14140725e-07
53.409,-0.00047158796,-0.00043249258,0.0003799582,-0.0,0.0,0.0
53.431,0.0007501425,0.0007892379,0.0003799582,-0.0,-0.0,0.0
53.469,-0.00047158796,-0.00043249258,-0.0008417723,-0.0,-0.0,0.0
53.509,-0.00047158796,-0.00043249258,-0.00023090707,-0.0,-0.0,0.0
53.528,0.00013927728,-0.00043249258,0.0016016887,-0.0,-0.0,-0.0
53.569,0.0007501425,0.0007892379,-0.0008417723,0.0,-0.0,0.0
53.610,-0.00047158796,-0.0016542231,-0.00023090707,-0.0,-0.0,0.0
53.629,0.00013927728,-0.00043249258,-0.00023090707,-0.0,-0.0,0.0
53.670,0.00013927728,0.00017837265,-0.00023090707,0.0,-0.0,0.0
53.708,-0.00047158796,0.0007892379,0.0003799582,0.0,-0.0,-0.0
53.730,-0.0010824533,-0.00043249258,0.0009908235,-0.0,0.0,0.0
53.769,-0.0004673119,0.0013463469,0.00036407568,0.0,-0.0,-0.0
53.809,0.00075441855,-0.001097114,0.00036407568,-0.0,-0.0,-0.0
53.828,0.00014355333,-0.0017079792,0.00097494095,-0.0,-0.0,-0.0
53.869,0.00014355333,0.0001246165,0.00036407568,-0.0,-0.0,0.0
53.909,-0.0022999076,0.0001246165,0.0015858061,9.354496e-08,1.7264359e-06,-1.1903925e-06
53.929,0.00075441855,0.0025680775,-0.00024678957,0.0,-0.0,0.0
53.970,-0.0004673119,-0.001097114,-0.0008576548,-0.0,-0.0,0.0
54.009,-0.0010781772,0.00073548174,0.00036407568,0.0,-0.0,-0.0
54.030,0.00014355333,0.00073548174,-0.0008576548,0.0,-0.0,0.0
54.072,0.00014355333,-0.00048624873,-0.00024678957,-0.0,-0.0,0.0
54.111,0.00014355333,0.0001246165,0.00036407568,-0.0,-0.0,0.0
54.152,-0.0004673119,-0.0017079792,0.00036407568,-0.0,0.0,0.0
54.169,-0.0004673119,-0.001097114,0.00097494095,-4.5362728e-07,1.9322108e-07,-4.0311198e-07
54.210,-0.0010781772,-0.00048624873,0.00036407568,-0.0,0.0,0.0
54.248,0.00014355333,0.0001246165,0.00036407568,-0.0,-0.0,0.0
54.273,-0.0004673119,-0.00048624873,-0.0008576548,-0.0,-0.0,0.0
54.309,-0.0004673119,0.0001246165,0.00036407568,0.0,-0.0,-0.0
54.350,-0.0010781772,0.0013463469,-0.00024678957,-0.0,0.0,0.0
54.369,0.00014355333,-0.00048624873,0.00036407568,-0.0,-0.0,-0.0
54.409,-0.0016890424,-0.001097114,0.00036407568,-0.0,0.0,0.0
54.450,0.00014355333,0.00073548174,0.00036407568,1.6448271e-07,-3.2104193e-08,-8.142168e-08
54.469,0.00014355333,0.00073548174,0.00036407568,-0.0,-0.0,0.0
54.514,0.0013652839,0.0001246165,0.00036407568,-0.0,-0.0,0.0
54.548,-0.0004673119,-0.001097114,0.00097494095,-0.0,0.0,0.0
54.570,-0.0016890424,-0.00048624873,-0.00024678957,-0.0,-0.0,0.0
54.609,-0.0010781772,-0.00048624873,0.00036407568,-0.0,0.0,0.0
54.650,-0.0004673119,-0.0017079792,-0.00024678957,-0.0,-0.0,0.0
54.668,-0.0010781772,-0.00048624873,0.00036407568,-0.0,0.0,0.0
54.708,-0.0004673119,-0.001097114,-0.00024678957,-3.5863616e-07,1.5275982e-07,8.06732e-08
54.748,0.00075441855,-0.00048624873,0.00036407568,-0.0,-0.0,-0.0
54.770,-0.0004673119,0.0001246165,0.00036407568,0.0,-0.0,-0.0
54.809,-0.0016890424,0.0001246165,0.00036407568,0.0,-0.0,-0.0
54.847,0.00014355333,-0.001097114,-0.00024678957,-0.0,-0.0,0.0
54.888,0.00075441855,0.0001246165,-0.00024678957,0.0,-0.0,0.0
54.907,-0.0004673119,0.0001246165,-0.0008576548,-0.0,0.0,0.0
54.948,0.00075441855,0.0013463469,-0.00024678957,0.0,-0.0,0.0
54.988,-0.0004673119,0.0001246165,-0.00024678957,1.8163103e-08,6.8111646e-08,3.597007e-08
55.008,0.00014355333,-0.00048624873,-0.00024678957,-0.0,-0.0,0.0
55.049,0.00014355333,0.0013463469,0.00097494095,-0.0,-0.0,0.0
55.088,0.00014355333,-0.00048624873,0.00036407568,-0.0,-0.0,-0.0
55.109,0.00014355333,-0.00048624873,0.00036407568,-0.0,-0.0,-0.0
55.148,0.00075441855,0.0001246165,-0.00024678957,0.0,-0.0,0.0
55.189,0.00075441855,0.00073548174,-0.0008576548,0.0,-0.0,0.0
55.209,0.00014355333,-0.00048624873,-0.00024678957,-0.0,-0.0,0.0
55.247,0.00075441855,-0.00048624873,0.00036407568,-1.2642454e-07,-1.961486e-07,-9.465958e-08
55.288,-0.0004673119,-0.00048624873,-0.00024678957,-0.0,-0.0,0.0
55.307,0.00075441855,0.0013463469,-0.00024678957,0.0,-0.0,0.0
55.348,0.00014355333,0.0001246165,-0.00024678957,0.0,-0.0,0.0
55.388,0.00014355333,0.00073548174,0.00036407568,-0.0,-0.0,0.0
55.410,-0.0016890424,0.0013463469,-0.00024678957,-0.0,0.0,0.0
55.448,0.00075441855,0.0001246165,-0.0008576548,0.0,-0.0,0.0
55.488,0.00075441855,0.0013463469,0.00036407568,-0.0,-0.0,0.0
55.509,0.00014355333,0.001957212,0.00036407568,-0.0,-0.0,0.0
55.548,-0.0004673119,-0.0023188447,0.00036407568,-0.0,0.0,0.0
55.589,-0.0010781772,-0.001097114,-0.00024678957,-0.0,-0.0,0.0
55.608,0.00014355333,-0.00048624873,0.00036407568,-0.0,-0.0,-0.0
55.649,-0.0004673119,-0.001097114,-0.00024678957,-0.0,-0.0,0.0
55.688,0.00014355333,-0.00048624873,-0.00024678957,-0.0,-0.0,0.0
55.710,-0.0004673119,0.0001246165,0.00036407568,0.0,-0.0,-0.0
55.749,-0.0004673119,0.00073548174,0.00097494095,0.0,-0.0,-0.0
55.788,0.0013652839,0.0001246165,-0.0008576548,5.409543e-08,-5.92662e-07,3.723031e-07
55.829,-0.0004673119,0.0001246165,-0.00024678957,-0.0,0.0,0.0
55.849,0.0013652839,0.0013463469,-0.00024678957,0.0,-0.0,0.0
55.888,-0.0004673119,-0.00048624873,-0.00024678957,-0.0,-0.0,0.0
55.927,-0.0004673119,-0.001097114,0.00036407568,-0.0,0.0,0.0
55.949,-0.0010781772,0.0001246165,-0.00024678957,-0.0,0.0,0.0
55.989,0.00014355333,0.0013463469,-0.00024678957,0.0,-0.0,0.0
56.029,0.00075441855,0.0001246165,0.00036407568,-0.0,-0.0,0.0
56.048,0.00014355333,-0.00048624873,-0.00024678957,-7.360005e-08,-2.172866e-08,3.7354802e-08
56.088,-0.0004673119,0.0013463469,-0.00024678957,-0.0,0.0,0.0
56.130,-0.0004673119,-0.00048624873,0.00036407568,-0.0,0.0,0.0
56.149,-0.0010781772,-0.001097114,-0.00024678957,-0.0,-0.0,0.0
56.188,0.00014355333,0.00073548174,0.00036407568,-0.0,-0.0,0.0
56.228,0.00075441855,-0.00048624873,0.00036407568,-0.0,-0.0,-0.0
56.250,0.00075441855,-0.00048624873,-0.00024678957,-0.0,-0.0,0.0
56.295,-0.0010781772,0.0001246165,-0.00024678957,-0.0,0.0,0.0
56.328,0.00014355333,0.0001246165,0.00036407568,1.3739073e-08,-1.5826874e-08,-4.0139646e-08
56.349,-0.0004673119,-0.001097114,0.00036407568,-0.0,0.0,0.0
56.390,-0.0004673119,-0.001097114,0.00036407568,-0.0,0.0,0.0
56.430,0.00014355333,0.001957212,-0.00024678957,0.0,-0.0,0.0
56.449,-0.0004673119,0.00073548174,0.00036407568,0.0,-0.0,-0.0
56.496,-0.0010781772,-0.001097114,0.00036407568,-0.0,0.0,0.0
56.528,-0.0010781772,0.0001246165,0.00036407568,0.0,-0.0,-0.0
56.549,0.00075441855,0.00073548174,-0.00146852,0.0,-0.0,0.0
56.593,0.00014355333,0.0001246165,0.00036407568,1.3739073e-08,-1.5826874e-08,-4.0139646e-08
56.629,-0.0004673119,0.0001246165,0.00036407568,0.0,-0.0,-0.0
56.670,-0.0004673119,0.0001246165,0.00036407568,0.0,-0.0,-0.0
56.688,-0.0004673119,0.0013463469,0.0015858061,0.0,-0.0,-0.0
56.728,-0.0004673119,-0.00048624873,0.00036407568,-0.0,0.0,0.0
56.768,0.00075441855,-0.00048624873,-0.00024678957,-0.0,-0.0,0.0
56.788,0.00014355333,0.0001246165,-0.00146852,0.0,-0.0,0.0
56.826,0.00014355333,-0.0017079792,-0.0008576548,-0.0,-0.0,0.0
56.867,0.00014355333,0.0001246165,0.00097494095,3.322739e-08,-3.827666e-08,-2.599555e-07
56.888,-0.0004673119,0.0013463469,-0.00024678957,-0.0,0.0,0.0
56.928,0.00014355333,-0.001097114,0.00036407568,-0.0,-0.0,-0.0
56.968,0.00014355333,0.00073548174,-0.00146852,0.0,-0.0,0.0
56.987,0.00014355333,-0.00048624873,-0.00024678957,-0.0,-0.0,0.0
57.029,-0.0004673119,0.0001246165,-0.00024678957,-0.0,0.0,0.0
57.067,0.00014355333,-0.001097114,0.00097494095,-0.0,-0.0,-0.0
57.090,0.00014355333,-0.001097114,-0.00024678957,-0.0,-0.0,0.0
57.127,0.00014355333,-0.00048624873,0.00036407568,-8.1471526e-08,-2.4052522e-08,-6.1001295e-08
57.167,0.00075441855,-0.0017079792,0.00036407568,-0.0,-0.0,-0.0
57.188,-0.0004673119,-0.00048624873,0.00097494095,-0.0,0.0,0.0
57.228,-0.0010781772,0.0013463469,0.00036407568,0.0,-0.0,-0.0
57.267,-0.0004673119,0.0001246165,-0.00024678957,-0.0,0.0,0.0
57.307,0.00075441855,-0.00048624873,0.0015858061,-0.0,-0.0,-0.0
57.329,0.00075441855,-0.00048624873,0.00097494095,-0.0,-0.0,-0.0
57.367,-0.0010781772,0.00073548174,-0.00024678957,-0.0,0.0,0.0
57.408,0.006252206,-0.018201342,-0.0008576548,-9.4122835e-05,-3.233166e-05,4.433589e-06
57.428,0.006252206,-0.0151470145,0.00036407568,-0.0,-0.0,-0.0
57.467,0.0019761492,-0.0047623054,0.00036407568,-0.0,-0.0,-0.0
57.490,-0.0016890424,0.001957212,0.00036407568,0.0,-0.0,-0.0
57.528,0.00014355333,-0.00048624873,0.00036407568,-0.0,-0.0,-0.0
57.569,0.00014355333,-0.00048624873,0.00036407568,-0.0,-0.0,-0.0
57.607,-0.0035216382,0.008065864,-0.00024678957,-0.0,0.0,0.0
57.629,0.003808745,-0.005984036,-0.0008576548,-0.0,-0.0,0.0
57.667,0.006863071,-0.018201342,-0.0008576548,-9.513336e-05,-3.5871613e-05,4.4810213e-06
57.708,0.0013652839,-0.007816631,0.00036407568,-0.0,-0.0,-0.0
57.728,0.003808745,-0.006594901,-0.0008576548,-0.0,-0.0,0.0
57.768,-0.0010781772,0.0001246165,0.00097494095,0.0,-0.0,-0.0
57.792,0.00014355333,0.00073548174,0.00036407568,-0.0,-0.0,0.0
57.829,-0.0004673119,0.0001246165,0.00036407568,0.0,-0.0,-0.0
57.868,0.00014355333,-0.00048624873,0.00036407568,-0.0,-0.0,-0.0
57.909,-0.0010781772,-0.001097114,0.00036407568,-0.0,0.0,0.0
57.929,0.00014355333,0.0001246165,-0.00024678957,1.0420657e-08,-1.200419e-08,2.063699e-08
57.968,0.00014355333,-0.00048624873,-0.0008576548,-0.0,-0.0,0.0
58.008,0.00014355333,-0.00048624873,0.00097494095,-0.0,-0.0,-0.0
58.033,-0.0010781772,0.00073548174,-0.00024678957,-0.0,0.0,0.0
58.068,0.00014355333,-0.00048624873,0.00036407568,-0.0,-0.0,-0.0
58.095,-0.0004673119,-0.0017079792,-0.00024678957,-0.0,-0.0,0.0
58.129,0.00014355333,-0.00048624873,0.00036407568,-0.0,-0.0,-0.0
58.169,0.00075441855,0.0001246165,0.00036407568,-0.0,-0.0,0.0
58.207,-0.0004673119,0.0001246165,-0.00024678957,1.8163103e-08,6.8111646e-08,3.597007e-08
58.250,-0.0004673119,0.0013463469,0.00036407568,0.0,-0.0,-0.0
58.268,-0.0010781772,0.00073548174,0.00036407568,0.0,-0.0,-0.0
58.309,-0.0004673119,-0.001097114,-0.00024678957,-0.0,-0.0,0.0
58.349,0.00075441855,0.0001246165,0.00097494095,-0.0,-0.0,0.0
58.369,-0.0004673119,-0.00048624873,0.00097494095,-0.0,0.0,0.0
58.408,-0.0004673119,0.0001246165,0.00036407568,0.0,-0.0,-0.0
58.448,-0.0004673119,0.0001246165,0.00097494095,0.0,-0.0,-0.0
58.468,0.00014355333,0.0001246165,-0.00024678957,1.0420657e-08,-1.200419e-08,2.063699e-08
58.508,-0.0004673119,0.0001246165,0.00036407568,0.0,-0.0,-0.0
58.549,0.0013652839,0.0013463469,0.00036407568,-0.0,-0.0,0.0
58.568,-0.0004673119,-0.001097114,-0.00024678957,-0.0,-0.0,0.0
58.609,0.00075441855,0.0001246165,-0.00024678957,0.0,-0.0,0.0
58.650,0.00075441855,-0.00048624873,0.00097494095,-0.0,-0.0,-0.0
58.669,0.00014355333,-0.0017079792,0.00036407568,-0.0,-0.0,-0.0
58.707,0.00014355333,0.00073548174,-0.00024678957,0.0,-0.0,0.0
58.748,-0.0010781772,-0.00048624873,-0.00024678957,-1.5770534e-07,3.4968585e-07,8.004143e-08
58.769,0.00014355333,-0.00048624873,0.00036407568,-0.0,-0.0,-0.0
58.808,-0.0004673119,-0.0017079792,-0.0008576548,-0.0,-0.0,0.0
58.848,0.00014355333,-0.00048624873,0.00036407568,-0.0,-0.0,-0.0
58.888,-0.0010781772,-0.0017079792,-0.00024678957,-0.0,-0.0,0.0
58.909,0.00075441855,-0.00048624873,-0.00024678957,-0.0,-0.0,0.0
58.948,0.00075441855,0.0013463469,-0.00024678957,0.0,-0.0,0.0
58.969,0.00075441855,0.0013463469,-0.00024678957,0.0,-0.0,0.0
59.009,-0.0004673119,-0.0023188447,0.00097494095,-1.592565e-06,3.2094684e-07,-6.695819e-07
59.048,0.00014355333,-0.00048624873,-0.00024678957,-0.0,-0.0,0.0
59.092,-0.0010781772,0.0001246165,-0.00024678957,-0.0,0.0,0.0
59.108,-0.0010781772,-0.001097114,0.00036407568,-0.0,0.0,0.0
59.150,0.00014355333,0.0001246165,0.00036407568,-0.0,-0.0,0.0
59.191,-0.0004673119,0.0001246165,-0.00024678957,-0.0,0.0,0.0
59.208,-0.0004673119,0.00073548174,0.00036407568,0.0,-0.0,-0.0
59.248,0.00014355333,-0.0017079792,-0.0008576548,-0.0,-0.0,0.0
59.288,0.00014355333,-0.00048624873,-0.00024678957,-7.360005e-08,-2.172866e-08,3.7354802e-08
59.309,0.00014355333,0.00073548174,-0.00024678957,0.0,-0.0,0.0
59.348,0.0013652839,-0.00048624873,0.00036407568,-0.0,-0.0,-0.0
59.389,0.00014355333,0.0001246165,0.00097494095,-0.0,-0.0,0.0
59.408,-0.0004673119,-0.00048624873,0.00036407568,-0.0,0.0,0.0
59.449,-0.0004673119,-0.00048624873,-0.00024678957,-0.0,-0.0,0.0
59.488,0.00014355333,-0.0023188447,0.00036407568,-0.0,-0.0,-0.0
59.509,-0.0010781772,0.0013463469,-0.00024678957,-0.0,0.0,0.0
59.548,0.00075441855,0.0001246165,0.00036407568,2.8329824e-08,-1.7150657e-07,-8.276754e-08
59.588,0.00014355333,-0.0017079792,-0.0008576548,-0.0,-0.0,0.0
59.609,-0.0004673119,-0.001097114,-0.00024678957,-0.0,-0.0,0.0
59.647,0.00075441855,0.00073548174,0.00097494095,-0.0,-0.0,0.0
59.687,-0.0004673119,-0.001097114,0.00036407568,-0.0,0.0,0.0
59.708,-0.0004673119,-0.0017079792,0.00097494095,-0.0,0.0,0.0
59.749,0.00014355333,0.0001246165,0.00036407568,-0.0,-0.0,0.0
59.789,-0.0004673119,0.0001246165,-0.00024678957,-0.0,0.0,0.0
59.828,-0.0004673119,-0.001097114,-0.00024678957,-0.0,-0.0,0.0
59.848,0.00075441855,-0.00048624873,0.00036407568,-0.0,-0.0,-0.0
59.888,-0.0004673119,0.0001246165,0.0015858061,0.0,-0.0,-0.0
59.909,-0.0004673119,-0.00048624873,-0.00024678957,-0.0,-0.0,0.0
59.947,-0.0010781772,-0.0017079792,0.00036407568,-0.0,0.0,0.0
59.989,-0.0010781772,0.0001246165,0.00036407568,0.0,-0.0,-0.0
